x,origin,n_10,n_100,n_1000,n_10000
-4,0.00013383022576488537,0.00000534719936090495,0.000014923293104226504,0.0002054016103276322,0.00013132535939291948
-3.99,0.00013928497646575994,0.000005666961071120912,0.00001566684508838585,0.0002133646779576298,0.00013666507618693638
-3.98,0.00014494756042389106,0.000006004954988342721,0.00001644554608965702,0.00022161517656205844,0.00014220778043221428
-3.97,0.0001508252715505178,0.000006362165431310574,0.000017260958919447334,0.00023016260546715326,0.00014796058124405052
-3.96,0.00015692563406553226,0.0000067396265570017156,0.0000181147109448147,0.0002390167436592606,0.0001539308118222169
-3.95,0.000163256408766242,0.000007138424694477393,0.000019008496519384677,0.00024818765674249364,0.0001601260355436296
-3.94,0.00016982559942934359,0.000007559700777600366,0.000019944079495040658,0.0002576857040241361,0.00016655405218456067
-3.93,0.00017664145934757092,0.000008004652880263258,0.00002092329581659644,0.0002675215457285404,0.00017322290427383206
-3.92,0.0001837124980024571,0.000008474538857874275,0.00002194805620170884,0.00027770615034022233,0.00018014088357840827
-3.91,0.00019104748787459762,0.000008970679098954983,0.000023020348908320245,0.00028825080207677955,0.00018731653772275262
-3.9,0.00019865547139277272,0.000009494459390814612,0.000024142242591969703,0.0002991671084922076,0.00019475867694328648
-3.89,0.00020654576802322548,0.000010047333903376342,0.000025315889255342845,0.00031046700821110463,0.00020247638097923554
-3.88,0.00021472798150036704,0.000010630828295344039,0.000026543527292477486,0.00032216277879420835,0.0002104790061011155
-3.87,0.00022321200720010206,0.000011246542947012633,0.000027827484630077808,0.00033426704473560245,0.00021877619227804497
-3.86,0.00023200803965694238,0.00001189615632414045,0.000029170181968429827,0.0003467927855918987,0.00022737787048503964
-3.85,0.00024112658022599324,0.000012581428477419581,0.00003057413612444973,0.00035975334424356246,0.0002362942701513739
-3.84,0.00025057844489086075,0.000013304204682198506,0.00003204196347943437,0.0003731624352885274,0.00024553592675105026
-3.83,0.00026037477221844247,0.00001406641922323084,0.000033576383534120036,0.00038703415356810877,0.0002551136895363453
-3.82,0.000270527031461521,0.000014870099329344996,0.00003518022257369647,0.0004013829828251703,0.00026503872941535184
-3.81,0.0002810470308099863,0.000015717369263050833,0.00003685641744545138,0.0004162238044943835,0.0002753225469743549
-3.8,0.00029194692579146027,0.000016610454570222303,0.000038608019451765726,0.0004315719066243409,0.0002859769806458254
-3.79,0.00030323922782200417,0.00001755168649511876,0.00004043819836120413,0.000447442992931162,0.0002970142150227274
-3.78,0.0003149368129075219,0.00001854350656613033,0.00004235024654049021,0.0004638531919831602,0.0003084467893197721
-3.77,0.000327052930496375,0.000019588471357758868,0.000044347583210176436,0.00048081906651599844,0.0003202876059821592
-3.76,0.0003396012124836548,0.000020689257434469807,0.000046433758826858934,0.0004983576228776787,0.00033254993944227806
-3.75,0.0003525956823674454,0.000021848666482175304,0.000048612459594813577,0.0005164863206025714,0.0003452474450247299
-3.74,0.00036605076455733496,0.000023069630633234752,0.00005088751210996123,0.0005352230821136126,0.0003583941679999782
-3.73,0.0003799812938353214,0.000024355217990983174,0.00005326288813909124,0.0005545863025516206,0.00037200455278679735
-3.7199999999999998,0.0003944025249691569,0.000025708638359923117,0.000055742709537307736,0.0005745948597306216,0.0003860934523036281
-3.71,0.0004093301424780788,0.000027133249187839067,0.000058331253306680896,0.0005952681242178927,0.00040067613746882466
-3.7,0.00042478027055075143,0.000028632561726219206,0.000061032956799107006,0.0006166259695373396,0.00041576830684968337
-3.69,0.0004407694831151325,0.000030210247415487397,0.00006385242306641123,0.0006386887824946581,0.00043138609646002087
-3.68,0.00045731481405985675,0.00003187014450167579,0.00006679442636073244,0.0006614774736226184,0.000447546089705973
-3.67,0.00047443376760662064,0.00003361626489128356,0.00006986391778826019,0.0006850134877446588,0.0004642653274795581
-3.66,0.0004921443288328931,0.00003545280125118913,0.00007306603111939895,0.0007093188146548046,0.00048156131839942085
-3.65,0.0005104649743441856,0.00003738413436059744,0.00007640608875845364,0.000734415999911836,0.0004994520491980586
-3.64,0.0005294146830949348,0.0000394148407221219,0.00007988960787593394,0.0007603281557454024,0.0005179559952546972
-3.63,0.0005490129473569587,0.000041549700439209426,0.00008352230670659459,0.0007870789720716999,0.0005370921312728525
-3.62,0.0005692797838342526,0.00004379370536722831,0.00008731011101631938,0.00081469272761609,0.0005568799421014569
-3.61,0.0005902357449227856,0.0000461520675456491,0.00009125916074097297,0.0008431943011399515,0.000577339433698328
-3.6,0.0006119019301137719,0.00004863022791884097,0.00009537581680033436,0.0008726091827688084,0.0005984911442345529
-3.59,0.0006342999975387576,0.000051233865353124785,0.00009966666809023058,0.0009029634854186999,0.0006203561553382754
-3.58,0.0006574521756546765,0.00005396890595779705,0.00010413853865597436,0.0009342839563174688,0.0006429561034761483
-3.57,0.0006813812750668921,0.0000568415327179552,0.00010879849505021236,0.0009665979886175908,0.0006663131914706259
-3.56,0.0007061107004880362,0.00005985819544701855,0.00011365385387826266,0.00099993363309686,0.000690450200151031
-3.55,0.0007316644628303109,0.0000630256210669436,0.00011871218953401881,0.0010343196099431766,0.0007153905001362463
-3.54,0.0007580671914287103,0.00006635082422418901,0.00012398134212946753,0.0010697853206193995,0.00074115806374661
-3.53,0.00078534414639247,0.00006984111824957602,0.0001294694256208495,0.0011063608598040932,0.0007677774770425232
-3.52,0.0008135212310818084,0.00007350412647023921,0.00013518483613445846,0.0011440770274037638,0.0007952739519869966
-3.51,0.0008426250047069027,0.00007734779388193198,0.00014113626049505523,0.0011829653406320228,0.0008236733387292636
-3.5,0.0008726826950457602,0.00008138039918999918,0.00014733268495981843,0.001223058046150857,0.000853002138006314
-3.49,0.0009037222112775245,0.00008561056722737128,0.00015378340416073483,0.0012643881322690418,0.0008832875136590934
-3.48,0.0009357721569274798,0.00009004728175797951,0.0001604980302582695,0.0013069893411924618,0.0009145573052598398
-3.4699999999999998,0.0009688618429198468,0.00009469989867400439,0.00016748650230911715,0.0013508961813209388,0.000946840040846858
-3.46,0.0010030213007342376,0.00009957815959541147,0.00017475909585078044,0.00139614393958593,0.0009801649497628464
-3.45,0.0010382812956614103,0.00010469220588021642,0.0001823264327056599,0.0014427686938232674,0.0010145619755926455
-3.44,0.0010746733401537356,0.00011005259305393559,0.0001901994910072743,0.001490807325174817,0.0010500617891960476
-3.4299999999999997,0.001112229707265567,0.00011567030566666728,0.00019838961545116967,0.0015402975305128087,0.0010866958018311422
-3.42,0.0011509834441784845,0.00012155677258622243,0.00020690852777298642,0.0015912778348803054,0.0011244961783634163
-3.41,0.0011909683858061166,0.00012772388273569844,0.00021576833745609117,0.0016437876039410524,0.001163495850555579
-3.4,0.00123221916847302,0.0001341840012838428,0.00022498155267107437,0.0016978670564317436,0.0012037285304328875
-3.39,0.0012747712436618327,0.00014094998629649898,0.00023456109144933974,0.0017535572766094602,0.0012452287237184865
-3.38,0.0013186608918227423,0.00014803520585735512,0.0002445202930929045,0.0018109002266868865,0.0012880317433330624
-3.37,0.0013639252362389036,0.00015545355566614125,0.0002548729298224269,0.0018699387592475472,0.0013321737229528262
-3.36,0.0014106022569413848,0.00016321947712231392,0.0002656332186653658,0.001930716629633243,0.001377691630619648
-3.35,0.0014587308046667459,0.00017134797590216686,0.00027681583358606446,0.0019932785082953848,0.001424623282396854
-3.34,0.0015083506148503073,0.00017985464103717112,0.00028843591785942467,0.002057669993101969,0.0014730073560640196
-3.33,0.0015595023216476915,0.00018875566450121567,0.00030050909668969907,0.0021239376215914135,0.0015228834048437172
-3.32,0.0016122274719771244,0.00019806786131424946,0.00031305149007581213,0.0021921288831644615,0.0015742918711530909
-3.31,0.0016665685395745797,0.00020780869016966415,0.00032607972592444583,0.002262292231204942,0.0016272741003726515
-3.3,0.0017225689390536812,0.00021799627459255158,0.00033961095341201287,0.0023344770951200587,0.0016818723546246528
-3.29,0.0017802730399618786,0.00022864942463576604,0.00035366285659643124,0.00240873389229052,0.0017381298265529046
-3.2800000000000002,0.0018397261808242775,0.00023978765912049442,0.00036825366827950674,0.0024851140399206714,0.0017960906530958194
-3.27,0.0019009746831660803,0.00025143122842777457,0.00038340218412049893,0.0025636699667785107,0.0018557999292440688
-3.26,0.001964065865504376,0.0002636011378471476,0.00039912777700130053,0.0026444551248151504,0.0019173037217739975
-3.25,0.002029048057299768,0.0002763191714883348,0.0004154504116434587,0.0027275240006531857,0.001980649082947697
-3.24,0.002095970612857942,0.0002896079167615175,0.0004323906594770688,0.0028129321269330485,0.002045884064170329
-3.23,0.002164883925171062,0.00030349078943145826,0.00044996971376135676,0.0029007360935062445,0.0021130577295949576
-3.2199999999999998,0.0022358394396885424,0.0003179920592503636,0.00046820940495656506,0.0029909935584641104,0.002182220169664977
-3.21,0.0023088896680064958,0.00033313687617399023,0.00048713221634653485,0.0030837632589905263,0.0022534225145838505
-3.2,0.0023840882014648404,0.00034895129716511496,0.0005067612999111254,0.0031791050220266776,0.0023267169477016285
-3.19,0.0024614897246407006,0.0003654623135880323,0.0005271204924473947,0.0032770797747358046,0.0024021567188073864
-3.1799999999999997,0.002541150028726526,0.0003826978791973272,0.0005482343319381993,0.0033777495547556414,0.0024797961573164782
-3.17,0.0026231260247810244,0.00040068693872366985,0.0005701280741666267,0.0034811775202259455,0.002559690685341222
-3.16,0.0027074757568407,0.0004194594570588782,0.000592827709574403,0.0035874279595783528,0.002641896830633302
-3.15,0.002794258414879447,0.0004390464490419811,0.0006163599803621316,0.003696566301075483,0.002726472239385889
-3.14,0.002883534347603439,0.0004594800098474242,0.0006407523978289482,0.003808659122086067,0.0028134756888832145
-3.13,0.0029753650750682535,0.0004807933459760364,0.0006660332599488875,0.003923774158082683,0.002902967099985112
-3.12,0.0030698133011047403,0.000503020806848675,0.0006922316691809269,0.00404198031134823,0.0029950075494335373
-3.11,0.003166942925540081,0.0005261979170019312,0.0007193775505094012,0.004163347659377417,0.003089659281968102
-3.1,0.003266819056199918,0.0005503614088845015,0.0007475016697111149,0.004287947462958962,0.0031869857222370634
-3.09,0.0033695080206774812,0.0005755492562522287,0.000776635651845202,0.004415852173924274,0.0032870514864902236
-3.08,0.0034750773778549375,0.0006018007081590087,0.0008068119999613772,0.00454713544254803,0.003389922394039595
-3.07,0.0035835959291623614,0.0006291563235400535,0.0008380641140219482,0.004681872124585898,0.0034956654784737747
-3.06,0.003695133729559035,0.00065765800638318,0.0008704263100325266,0.004820138287934461,0.003604348998611321
-3.05,0.0038097620982218104,0.0006873490414829895,0.0009039338393760813,0.004962011218898254,0.0037160424491784892
-3.04,0.003927553628924779,0.0007182741307719466,0.0009386229083445147,0.005107569428048555,0.0038308165711961276
-3.0300000000000002,0.0040485822000944265,0.0007504794302214748,0.0009745306978616567,0.005256892655658543,0.00394874336206059
-3.02,0.004172922984523962,0.0007840125873052952,0.0010116953833910936,0.005410061876699015,0.00406989608530284
-3.01,0.00430065245873045,0.0008189227790162365,0.0010501561550218688,0.00556715930537904,0.004194349280010126
-3,0.0044318484119380075,0.0008552607504268426,0.001089953237724719,0.005728268399215424,0.004322178769893995
-2.99,0.004566589954670144,0.0008930788537830322,0.0011311279117710404,0.005893473862615066,0.004453461671988439
-2.98,0.004704957526933979,0.0009324310881190137,0.0011737225333063343,0.006062861649953744,0.004588276404961428
-2.9699999999999998,0.004847032905978953,0.0009733731393806555,0.001217780555069519,0.0062365189681351275,0.004726702697023152
-2.96,0.004992899213612376,0.001015962421043319,0.001263346547248979,0.006414534278613472,0.004868821593413941
-2.95,0.005142640923053939,0.0010602581152090976,0.0013104662184657782,0.006596997298863438,0.005014715463454532
-2.94,0.00529634386531102,0.0011063212141671475,0.0013591864368740255,0.006783999003280261,0.005164468007141275
-2.9299999999999997,0.005454095235056555,0.0011542145623996889,0.001409555251367882,0.006975631623493528,0.005318164261268543
-2.92,0.005615983595990969,0.0012040028990149528,0.0014616219128842233,0.007171988648077765,0.005475890605060594
-2.91,0.005782098885669473,0.0012557529005870942,0.0015154368957895224,0.007373164821642766,0.005637734765294702
-2.9,0.005952532419775854,0.0013095332243818411,0.001571051919338938,0.0075792561432868714,0.005803785820897419
-2.8899999999999997,0.006127376895823693,0.0013654145519452212,0.0016285199691951854,0.0077903598643958944,0.0059741342069954345
-2.88,0.0063067263962659275,0.0014234696330314948,0.0016878953189941985,0.008006574485770917,0.006148871718402664
-2.87,0.006490676390993364,0.001483773329844892,0.0017492335519441115,0.008227999754067695,0.006328091512524687
-2.86,0.00667932373920262,0.0015464026615684473,0.0018125915824435043,0.00845473665753063,0.006511888111661694
-2.8499999999999996,0.006872766690613978,0.0016114368491516717,0.001878027677704422,0.008686887421004194,0.006700357404691034
-2.84,0.007071104886019449,0.0016789573603274786,0.0019456014793650916,0.008924555500204798,0.006893596648110217
-2.83,0.007274439357141218,0.0017490479548271552,0.002015374025076694,0.009167845575236066,0.007091704466421189
-2.8200000000000003,0.0074828725257805526,0.0018217947297606573,0.0020874077700480647,0.009416863543330403,0.007294780851836557
-2.81,0.007696508202237322,0.0018972861651280857,0.0021617666085316334,0.00967171651080013,0.007502927163288348
-2.8,0.007915451582979969,0.0019756131694264245,0.0022385158952332915,0.009932512784181176,0.0077162461247199665
-2.79,0.008139809247546021,0.002056869125314273,0.0023177224666284697,0.01019936186055262,0.00793484182264178
-2.7800000000000002,0.008369689154653023,0.002141149935295447,0.0023994546621660044,0.010472374417015482,0.00815881970293087
-2.77,0.008605200637499671,0.002228554067380882,0.0024837823453408604,0.010751662299314202,0.008388286566855235
-2.76,0.008846454398237232,0.002319182600686486,0.0025707769246162407,0.011037338509584318,0.008623350566303046
-2.75,0.009093562501591053,0.0024131392709230265,0.0026605113741750386,0.011329517193210271,0.008864121198197374
-2.74,0.009346638367612283,0.0025105305157324164,0.0027530602544800224,0.01162831362477727,0.009110709298076773
-2.73,0.009605796763539587,0.0026114655198229446,0.0028484997326214878,0.011933844193101105,0.009363227032822306
-2.7199999999999998,0.009871153794751144,0.0027160562598545564,0.0029469076024307385,0.012246226385320602,0.009621787892511498
-2.71,0.010142826894787077,0.002824417549023262,0.0030483633043370084,0.012565578770036974,0.009886506681379926
-2.7,0.010420934814422592,0.0029366670812923244,0.0031529479449449688,0.012892020979485126,0.010157499507871206
-2.69,0.010705597609772187,0.00305292547521583,0.0032607443163093714,0.013225673690721727,0.01043488377375605
-2.6799999999999997,0.010996936629405587,0.0031733163172987847,0.003371836914882814,0.01356665860581548,0.010718778162301509
-2.67,0.011295074500456135,0.0032979662048360442,0.003486311960112079,0.01391509843102548,0.01100930262547149
-2.66,0.01160013511370256,0.003427004788170502,0.0036042574126579794,0.014271116854953234,0.011306578370139805
-2.65,0.01191224360760518,0.003560564812309535,0.0037257629922129625,0.014634838525654824,0.011610727843297182
-2.6399999999999997,0.012231526351277987,0.0036987821578365935,0.0038509201948903346,0.01500638902669979,0.011921874716233903
-2.63,0.012558110926378211,0.003841795881053521,0.00397982231015835,0.015385894852163991,0.012240143867680088
-2.62,0.012892126107895304,0.00398974825328707,0.004112564437291949,0.015773483380543553,0.01256566136588564
-2.61,0.013233701843821374,0.004142784799291744,0.004249243501314243,0.01616928284757787,0.012898554449622318
-2.5999999999999996,0.013582969233685634,0.004301054334679031,0.004389958268399551,0.016573422317969898,0.013238951508090494
-2.59,0.013940060505935825,0.00446470900230191,0.00453480936070915,0.016986031655992478,0.01358698205971386
-2.58,0.01430510899414969,0.004633904307521437,0.004683899270630477,0.01740724149497011,0.013942776729805302
-2.5700000000000003,0.014678249112060025,0.004808799152280746,0.004837332374389893,0.017837183205625298,0.014306467227087496
-2.56,0.01505961632737745,0.004989555867910436,0.004995214945008944,0.018275988863280284,0.014678186319052534
-2.55,0.015449347134395174,0.005176340246587314,0.0051576551645731925,0.018723791213904432,0.015058067806144854
-2.54,0.015847579025360818,0.005369321571367448,0.005324763135782694,0.01918072363899903,0.015446246494752545
-2.5300000000000002,0.016254450460600492,0.005568672644712561,0.005496650892752405,0.019646920119310962,0.01584285816899226
-2.52,0.016670100837381057,0.005774569815427729,0.005673432411030549,0.02012251519736794,0.016248039561273526
-2.51,0.017094670457496956,0.005987193003926519,0.005855223616802582,0.020607643938828277,0.01666192832162888
-2.5,0.01752830049356854,0.006206725725738925,0.006042142395247988,0.021102441892638994,0.017084662985796382
-2.49,0.017971132954039633,0.0064333551131756875,0.006234308598016816,0.021607045049996856,0.01751638294204239
-2.48,0.01842331064686205,0.00666727193506146,0.0064318440497923715,0.022121589802106868,0.017957228396711853
-2.4699999999999998,0.018884977141856187,0.006908670614448329,0.006634872553906421,0.022646212896734432,0.018407340338495122
-2.46,0.01935627673173696,0.007157749244219744,0.006843519896972731,0.02318105139354762,0.018866860501400243
-2.45,0.019837354391795313,0.007414709600494318,0.007057913852504677,0.023726242618246563,0.01933593132642059
-2.44,0.020328355738225837,0.007679757153737316,0.0072781841834821445,0.024281924115478165,0.019814695921888014
-2.4299999999999997,0.020829426985092204,0.007953101077487557,0.007504462643833085,0.024848233600534723,0.020303298022502855
-2.42,0.021340714899922782,0.008234954254605891,0.007736882978794455,0.025425308909836075,0.02080188194703261
-2.41,0.021862366757929387,0.008525533280951323,0.007975580924117608,0.02601328795019576,0.021310592554671805
-2.4,0.0223945302948429,0.008825058466389707,0.008220694204082439,0.02661230864687226,0.021829575200056326
-2.3899999999999997,0.022937353658360714,0.009133753833039488,0.008472362528285026,0.027222508890407327,0.02235897568692614
-2.38,0.023490985358201363,0.009451847110658957,0.008730727587163109,0.02784402648225452,0.022898940220431808
-2.37,0.02405557421476297,0.009779569729078372,0.008995933046223828,0.028476999079201815,0.023449615358080097
-2.36,0.024631269306382507,0.010117156807580725,0.009268124538937866,0.029121564136592563,0.024011147959315356
-2.3499999999999996,0.025218219915194417,0.010464847141134144,0.009547449658264514,0.02977785885035109,0.024583685133734094
-2.34,0.02581657547158769,0.010822883183379695,0.009834057946772026,0.030446020097819073,0.025167374187931416
-2.33,0.02642648549726172,0.011191511026277625,0.010128100885317595,0.031126184377410607,0.025762362570978213
-2.3200000000000003,0.02704809954688176,0.011570980376315572,0.01042973188025155,0.031818487747093914,0.02636879781852953
-2.31,0.027681567148336573,0.01196154452718297,0.010739106249110546,0.03252306576171012,0.02698682749556535
-2.3,0.028327037741601186,0.012363460328815499,0.011056381204764404,0.033240053409138576,0.02761659913776585
-2.29,0.028984660616209412,0.01277698815271504,0.011381715837982006,0.03396958504532119,0.028258260191524404
-2.2800000000000002,0.02965458484734125,0.01320239185345024,0.011715271098381368,0.03471179432815789,0.02891195795260279
-2.27,0.030336959230531636,0.013639938726244544,0.012057209773729635,0.03546681415028662,0.029577839503433432
-2.26,0.03103193221500827,0.01408989946055875,0.012407696467558859,0.03623477657076322,0.030256051649075355
-2.25,0.03173965183566742,0.0145525480895771,0.012766897575064206,0.037015812745656206,0.030946740851831404
-2.24,0.032460265643697445,0.015028161935506578,0.013134981257251186,0.03781005285757393,0.031650053164535
-2.23,0.03319392063586112,0.015517021550600564,0.013512117413299132,0.03861762604414136,0.03236613416251645
-2.2199999999999998,0.033940763182449214,0.01601941065381984,0.013898477651108833,0.03943866032544617,0.03309512887425924
-2.21,0.03470093895391882,0.01653561606304574,0.014294235256002675,0.04027328253047377,0.03383718171075893
-2.2,0.035474592846231424,0.017065927622761854,0.01469956515754613,0.041121618222552864,0.0345924363935975
-2.19,0.03626186890490622,0.01761063812712259,0.015114643894460286,0.04198379162383366,0.03536103588174753
-2.1799999999999997,0.0370629102478065,0.01817004323832995,0.015539649577595443,0.042859925538822,0.03614312229712171
-2.17,0.03787785898667748,0.0187444414002412,0.01597476185093724,0.04375014127699513,0.03693883684888522
-2.16,0.03870685614745561,0.019334133747133758,0.016420161850616854,0.044654558574523454,0.03774831975654844
-2.15,0.03955004158937022,0.019939424007555342,0.016876032161897887,0.04557329551512621,0.038571710171859334
-2.1399999999999997,0.04040755392286034,0.02056061840319093,0.01734255677411361,0.046506468450088476,0.0394091460995166
-2.13,0.04127953042633042,0.02119802554268133,0.01781992103352911,0.04745419191746948,0.04026076431672518
-2.12,0.04216610696177031,0.021851956310330753,0.018308311594103795,0.04841657856053209,0.0411267002916175
-2.11,0.043067417889265734,0.022522723749644886,0.018807916366130568,0.0493937390454248,0.042007088100564756
-2.0999999999999996,0.04398359598042723,0.023210642941643937,0.019318924462729502,0.05038578197814953,0.04290206034440412
-2.09,0.0449147723307671,0.02391603087789971,0.019841526144174896,0.0513928138208483,0.04381174806360946
-2.08,0.04586107627105489,0.024639206328249123,0.020375912760035354,0.05241493880744507,0.04473628065243323
-2.0700000000000003,0.04682263527768312,0.025380489703140732,0.0209222766891082,0.05345225885867691,0.045675785772049976
-2.06,0.047799574882077034,0.026140202910575453,0.02148081127713095,0.054504873496553606,0.04663038926273241
-2.05,0.048792018579182764,0.02691866920760713,0.02205171077225311,0.05557287975828295,0.047600215055092404
-2.04,0.049800087735070775,0.027716213046373346,0.02263517025825432,0.056656372109701716,0.048585385080420734
-2.0300000000000002,0.05082390149369116,0.02853315991463115,0.023231385585494903,0.057755442358253,0.04958601918016112
-2.02,0.051863576682820565,0.029369836170778426,0.02384055329958732,0.05887017956555127,0.0506022350145545
-2.01,0.05291922771924031,0.030226568873345544,0.024462870567778006,0.060000669959578014,0.05163414797049142
-2,0.05399096651318806,0.031103685604949128,0.025098535103031363,0.06114699684655263,0.052681871068612295
-1.9899999999999998,0.05507890237212579,0.03200151429070321,0.02574774508580867,0.06230924052252263,0.05374551486969566
-1.98,0.05618314190386805,0.03292038301109024,0.026410699083536205,0.06348747818471928,0.0548251873803758
-1.9699999999999998,0.05730378891911715,0.03386061980930025,0.02708759596776004,0.06468178384272681,0.05592099395823376
-1.96,0.05844094433345147,0.03482255249305114,0.0277786348289846,0.06589222822951153,0.05703303721630567
-1.9500000000000002,0.059594706068816054,0.03580650843091165,0.028484014889196142,0.0671188787123619,0.0581614169270544
-1.94,0.060765168954564776,0.03681281434315204,0.02920393541207241,0.06836179920378806,0.059306229925851314
-1.9300000000000002,0.061952424628105136,0.03784179608715676,0.02993859561088256,0.06962105007243267,0.06046757001401668
-1.92,0.06315656143519865,0.038893778437438055,0.030688194554083892,0.07089668805404534,0.06164552786146868
-1.9100000000000001,0.06437766432996934,0.03996908486029741,0.03145293106862231,0.07218876616257236,0.0628401909090309
-1.9,0.0656158147746766,0.041068037283187975,0.03223300364094776,0.07349733360141741,0.06405164327045204
-1.8900000000000001,0.06687109063930714,0.04219095585883834,0.03302861031575556,0.07482243567492594,0.06527996563418895
-1.88,0.06814356610104458,0.04333815872420619,0.03383994859246928,0.07616411370015069,0.06652523516501001
-1.87,0.06943331154367419,0.044509961754335144,0.03466721531948046,0.07752240491895278,0.06778752540547232
-1.8599999999999999,0.0707403934569834,0.04570667831119917,0.03551060658616502,0.07889734241049776,0.06906690617733145
-1.85,0.07206487433621798,0.04692861898762232,0.03637031761269647,0.08028895500420193,0.07036344348294014
-1.8399999999999999,0.07340681258165692,0.04817609134637362,0.037246542637680374,0.08169726719319065,0.07167719940669644
-1.83,0.0747662623983676,0.049449399654539476,0.03813947480363463,0.08312229904832462,0.07300823201660027
-1.8199999999999998,0.07614327369620735,0.050748844613289865,0.03904930604034479,0.08456406613285733,0.07435659526598107
-1.81,0.07753789199013399,0.052074723083155645,0.03997622694612412,0.08602257941778177,0.07572233889545704
-1.7999999999999998,0.07895015830089418,0.053427327804948875,0.04092042666701184,0.08749784519792954,0.07710550833519135
-1.79,0.08038010905615417,0.05480694711646046,0.041882092773944744,0.08898986500888274,0.07850614460750727
-1.7799999999999998,0.08182777599214285,0.056213864665081326,0.042861411137940834,0.09049863554476192,0.07992428422992977
-1.77,0.08329318605587446,0.05764835911649897,0.04385856580333406,0.09202414857695232,0.0813599591187174
-1.7599999999999998,0.08477636130802226,0.05911070385963094,0.04487373885910494,0.09356639087383198,0.08281319649295354
-1.75,0.08627731882651153,0.06060116670796347,0.045907110308351054,0.09512534412156487,0.0842840187792627
-1.7399999999999998,0.08779607061090566,0.062120009597473165,0.04695885793594702,0.0967009848460238,0.08577244351722219
-1.73,0.089332623487655,0.06366748828131559,0.04802915717444336,0.09829328433590627,0.08727848326553696
-1.7199999999999998,0.0908869790162829,0.06524385202147578,0.04911818096825881,0.09990220856710931,0.08880214550904927
-1.71,0.09245913339658068,0.06684934327757967,0.050226099636221495,0.10152771812842613,0.09034343256665146
-1.6999999999999997,0.09404907737688697,0.06848419739307814,0.05135308073251753,0.10316976814863182,0.09190234150017597
-1.69,0.09565679616352402,0.07014864227901811,0.05249928890610856,0.10482830822502073,0.09347886402433148
-1.6800000000000002,0.09728226933146747,0.07184289809562885,0.05366488575868244,0.10650328235346322,0.09507298641775981
-1.67,0.09892547073632371,0.07356717693195394,0.05485002970120283,0.1081946288600444,0.09668468943528515
-1.6600000000000001,0.10058636842769055,0.07532168248377012,0.05605487580912735,0.10990228033435198,0.09831394822142862
-1.65,0.10226492456397804,0.07710660973004275,0.057279575676366566,0.11162616356447763,0.09996073222526328
-1.6400000000000001,0.10396109532876419,0.07892214460817126,0.05852427726805692,0.11336619947379616,0.1016250051166812
-1.63,0.10567483084876363,0.08076846368829,0.05978912477222637,0.11512230305958873,0.10330672470414885
-1.62,0.1074060751134838,0.08264573384689283,0.06107425845043045,0.11689438333357277,0.10500584285402323
-1.6099999999999999,0.1091547658966474,0.08455411194006146,0.06237981448744321,0.11868234326440519,0.10672230541150549
-1.6,0.11092083467945554,0.08649374447657861,0.06370592484008508,0.12048607972222004,0.10845605212330378
-1.5899999999999999,0.1127042065757706,0.08846476729122137,0.06505271708527781,0.12230548342526733,0.11020701656208316
-1.58,0.11450480025929236,0.0904673052185278,0.06642031426741359,0.12414043888871255,0.11197512605277346
-1.5699999999999998,0.11632252789280711,0.09250147176734563,0.06780883474513327,0.1259908243756633,0.11376030160081356
-1.56,0.11815729505958227,0.09456736879646889,0.06921839203760545,0.1278565118504812,0.11556245782240289
-1.5499999999999998,0.12000900069698565,0.09666508619168247,0.07064909467040657,0.12973736693444402,0.11738150287683682
-1.54,0.12187753703240178,0.098794701544533,0.0721010460210988,0.1316332488638159,0.119217338400998
-1.5299999999999998,0.12376278952152316,0.10095627983315623,0.07357434416460981,0.13354401045038786,0.12106985944607873
-1.52,0.12566463678908815,0.10314987310549058,0.07506908171851609,0.13546949804454608,0.12293895441660554
-1.5099999999999998,0.12758295057214192,0.10537552016521684,0.07658534568833895,0.1374095515009279,0.12482450501184145
-1.5,0.12951759566589174,0.10763324626076202,0.07812321731295847,0.13936400414672143,0.12672638616963425
-1.4899999999999998,0.13146842987223106,0.10992306277771799,0.07968277191025894,0.14133268275266703,0.1286444660127866
-1.48,0.1334353039510023,0.11224496693501988,0.08126407872311611,0.14331540750681418,0.1305786057980143
-1.4699999999999998,0.13541806157407132,0.1145989414852419,0.08286720076584247,0.1453119919910906,0.13252865986756748
-1.46,0.13741653928228179,0.11698495441936387,0.08449219467120564,0.1473222431607338,0.13449447560357936
-1.4499999999999997,0.1394305664453603,0.11940295867637102,0.08613911053814001,0.14934596132664102,0.13647589338521557
-1.44,0.14145996522483878,0.12185289185804596,0.08780799178026956,0.15138294014068404,0.13847274654868705
-1.4300000000000002,0.14350455054006236,0.12433467594932049,0.08949887497536604,0.15343296658404304,0.1404848613501979
-1.42,0.1455641300373476,0.12684821704454993,0.09121178971586447,0.15549582095860356,0.1425120569318884
-1.4100000000000001,0.14763850406235568,0.12939340508007882,0.09294675846056057,0.15757127688146602,0.14455414529084187
-1.4,0.14972746563574488,0.13197011357346702,0.09470379638761893,0.15965910128261254,0.14661093125121655
-1.3900000000000001,0.15183080043216163,0.13457819936974236,0.09648291124901673,0.1617590544057735,0.14868221243956345
-1.38,0.15394828676263372,0.1372175023950513,0.09828410322655451,0.16387088981253897,0.15076777926339352
-1.37,0.15607969556042084,0.13988784541807323,0.10010736478956238,0.16599435438975144,0.1528674148930491
-1.3599999999999999,0.15822479037038306,0.14258903381956947,0.1019526805544352,0.16812918836022375,0.1549808952469419
-1.35,0.1603833273419196,0.14532085537042858,0.10382002714612593,0.1702751252968141,0.15710798898020914
-1.3399999999999999,0.16255505522553418,0.1480830800185775,0.1057093730617339,0.17243189213989854,0.15924845747684616
-1.33,0.1647397153730768,0.15087545968511623,0.10762067853631858,0.17459920921826988,0.16140205484536466
-1.3199999999999998,0.16693704174171387,0.1536977280700397,0.10955389541107632,0.17677679027349893,0.16356852791803106
-1.31,0.16914676090167238,0.15654960046789976,0.1115089670040122,0.1789643424877839,0.1657476162537309
-1.2999999999999998,0.1713685920478074,0.15943077359376293,0.11348582798324561,0.18116156651531873,0.16793905214450972
-1.29,0.173602247015033,0.16234092541981018,0.11548440424308262,0.1833681565172039,0.17014256062583277
-1.2799999999999998,0.17584743029766242,0.16527971502292538,0.11750461278299308,0.18558380019992524,0.17235785949061033
-1.27,0.1781038390726936,0.16824678244360772,0.11954636158962692,0.1878081788574198,0.17458465930702594
-1.2599999999999998,0.18037116322708038,0.17124174855654567,0.12160954952200745,0.190040967416751,0.17682266344021114
-1.25,0.18264908538902191,0.17426421495317512,0.12369406620003497,0.19228183448740732,0.17907156807779995
-1.2399999999999998,0.18493728096330536,0.17731376383654637,0.12579979189643878,0.194530442414242,0.18133106225940085
-1.23,0.18723541817072956,0.18038995792880907,0.12792659743231036,0.19678644733406375,0.18360082791001617
-1.2199999999999998,0.1895431580916403,0.18349234039162515,0.13007434407635343,0.1990494992358916,0.18588053987744202
-1.21,0.19186015471359938,0.18662043475980283,0.13224288344798346,0.20131924202487875,0.18816986597367313
-1.1999999999999997,0.19418605498321304,0.18977374488844476,0.13443205742441117,0.20359531358991384,0.19046846702034154
-1.19,0.19652049886213654,0.1929517549138861,0.1366416980518387,0.20587734587490017,0.19277599689820812
-1.1800000000000002,0.19886311938727586,0.19615392922869646,0.13887162746090279,0.20816496495371592,0.19509210260073126
-1.17,0.2012135427351974,0.19937971247100256,0.1411216577864913,0.2104577911088515,0.19741642429172704
-1.1600000000000001,0.20357138829075938,0.20262852952838187,0.14339159109206187,0.21275543891372042,0.19974859536713682
-1.15,0.20593626871997478,0.20589978555656802,0.14568121929859038,0.21505751731863817,0.20208824252091653
-1.1400000000000001,0.2083077900471083,0.2091928660131896,0.1479903241182712,0.21736362974045645,0.2044349858150537
-1.13,0.21068555173601533,0.21250713670676316,0.15031867699309454,0.21967337415584523,0.20678843875372283
-1.12,0.21306914677571784,0.2158419438611373,0.15266603903841922,0.2219863431982029,0.20914820836157952
-1.1099999999999999,0.21545816177021973,0.21919661419558156,0.15503216099166264,0.22430212425818266,0.21151389526619785
-1.1,0.21785217703255053,0.22257045502069267,0.15741678316621968,0.22662029958781002,0.21388509378464582
-1.0899999999999999,0.22025076668303334,0.22596275435028415,0.1598196354107294,0.22894044640817401,0.21626139201419833
-1.08,0.22265349875176113,0.22937278102940262,0.16224043707379662,0.23126213702066273,0.21864237192717542
-1.0699999999999998,0.2250599352852697,0.2327997848786112,0.1646788969742802,0.23358493892171805,0.22102760946989983
-1.06,0.2274696324573859,0.23624299685465022,0.16713471337725036,0.23590841492107853,0.223416674665756
-1.0499999999999998,0.2298821406842331,0.23970162922758742,0.16960757397572154,0.23823212326347643,0.22580913172233794
-1.04,0.2322970047433662,0.24317487577453756,0.17209715587825658,0.24055561775375442,0.22820453914266295
-1.0299999999999998,0.23471376389701187,0.24666191199002954,0.17460312560254154,0.242878447885363,0.23060244984043127
-1.02,0.2371319520193796,0.25016189531307087,0.17712513907502114,0.24520015897219657,0.23300241125930324
-1.0099999999999998,0.2395510977280134,0.2536739653709536,0.17966284163668741,0.2475202922837268,0.23540396549616843
-1,0.24197072451914337,0.25719724423981777,0.1822158680551029,0.24983838518338375,0.23780664942837068
-0.9899999999999998,0.24439035090699962,0.26073083672198366,0.18478384254274458,0.2521539712701388,0.24020999484485858
-0.98,0.24680949056704274,0.2642738306400324,0.18736637878174214,0.2544665805232349,0.242613528581219
-0.9699999999999998,0.249227652483066,0.2678252971476126,0.18996307995508793,0.25677573945001275,0.2450167726585565
-0.96,0.2516443410981171,0.27138429105691714,0.19257353878438416,0.25908097123677265,0.24741924442616975
-0.9499999999999997,0.2540590564691891,0.27494985118276977,0.19519733757419683,0.2613817959026162,0.24982045670798247
-0.94,0.25647129442562033,0.2785210007032321,0.19783404826307222,0.2636777304562022,0.25221991795267396
-0.9299999999999997,0.2588805467311489,0.2820967475366329,0.20048323248127634,0.26596828905535624,0.25461713238745876
-0.9199999999999999,0.26128630124955315,0.28567608473489164,0.20314444161530532,0.26825298316946217,0.25701160017545677
-0.9100000000000001,0.26368804211381813,0.28925799089300475,0.20581721687921534,0.27053132174457084,0.2594028175765955
-0.8999999999999999,0.26608524989875487,0.2928414305745272,0.20850108939281262,0.27280281137115026,0.2617902771119805
-0.8900000000000001,0.26847740179700236,0.29642535475287723,0.2111955802667401,0.27506695645440477,0.2641734677316684
-0.8799999999999999,0.27086397179833804,0.30000870126826795,0.21390020069449334,0.2773232593870868,0.2665518749857754
-0.8700000000000001,0.2732444308722162,0.30359039530004733,0.21661445205138932,0.2795712207247201,0.2689249811988465
-0.8599999999999999,0.2756182471534567,0.30716934985421696,0.21933782600051316,0.2818103393631561,0.2712922656474137
-0.8500000000000001,0.2779848861309964,0.31074446626587404,0.2220698046056529,0.28404011271837615,0.27365320474066307
-0.8399999999999999,0.2803438108396206,0.31431463471630866,0.2248098604512378,0.28626003690845814,0.27600727220413307
-0.8300000000000001,0.28269448205458025,0.317878734764463,0.22755745676927977,0.288469606937615,0.2783539392663572
-0.8199999999999998,0.28503635848900727,0.32143563589244983,0.23031204757332144,0.2906683168822193,0.28069267484836885
-0.81,0.2873688969940283,0.32498419806479867,0.23307307779937866,0.2928556600787183,0.2830229457559761
-0.7999999999999998,0.2896915527614828,0.32852327230109046,0.23583998345387028,0.2950311293133483,0.2853442168747179
-0.79,0.2920037795291414,0.33205170126161493,0.2386121917685118,0.29719421701354926,0.2876559513674042
-0.7799999999999998,0.2943050297883252,0.335568319845675,0.24138912136215235,0.2993444154409855,0.28995761087414734
-0.77,0.2965947549938157,0.339071955802137,0.2441701824095217,0.30148121688606877,0.2922486557147812
-0.7599999999999998,0.29887240577595287,0.34256143035181763,0.24695477681685368,0.30360411386388564,0.29452854509357
-0.75,0.30113743215480443,0.3460355588212722,0.24974229840434045,0.3057125993114238,0.2967967373060996
-0.7399999999999998,0.3033892837563002,0.3494931512875421,0.25253213309537337,0.3078061667859938,0.29905268994824735
-0.73,0.3056274100302099,0.35293301323339316,0.25532365911251165,0.30988431066473915,0.3012958601271192
-0.7199999999999998,0.307851260469853,0.35635394621257127,0.25811624718012216,0.3119465263451274,0.3035257046738455
-0.71,0.31006028483341613,0.3597547485245766,0.2609092607336206,0.3139923104463129,0.30574168035812044
-0.6999999999999997,0.3122539333667614,0.36313421589845235,0.26370205613524417,0.3160211610112615,0.30794324410437074
-0.69,0.31443165702759734,0.36649114218505946,0.2664939828962741,0.3180325777095226,0.3101298532094357
-0.6799999999999997,0.3165929077108929,0.3698243200573057,0.2692843839056259,0.3200260620405404,0.31230096556164094
-0.6699999999999999,0.3187371384754016,0.37313254171777405,0.27207259566471365,0.32200111753738514,0.3144560398611427
-0.6600000000000001,0.32086380377117246,0.37641459961319107,0.2748579485284939,0.3239572499707935,0.3165945358414219
-0.6499999999999999,0.3229723596679143,0.3796692871551565,0.2776397669525839,0.3258939675533991,0.31871591449180237
-0.6400000000000001,0.3250622640840821,0.382895399446548,0.2804173697463456,0.32781078114403805,0.32081963828086724
-0.6299999999999999,0.32713297701655447,0.3860917340130047,0.2831900703318223,0.32970720445201157,0.3229051713806473
-0.6200000000000001,0.3291839607707648,0.38925709153887617,0.285957177008403,0.33158275424118633,0.32497197989145027
-0.6099999999999999,0.33121468019115297,0.3923902766070237,0.28871799322309216,0.3334369505338161,0.3270195320672034
-0.6000000000000001,0.33322460289179967,0.39549009844184013,0.2914718178462479,0.33526931681396177,0.3290472985411755
-0.5899999999999999,0.33521319948710615,0.3985553716548568,0.2942179454526541,0.33707938023039347,0.33105475255194766
-0.5800000000000001,0.33717994382238053,0.40158491699228915,0.2969556666077784,0.33886667179885227,0.33304137016949825
-0.5699999999999998,0.33912431320419223,0.40457756208387335,0.2996842681590705,0.34063072660355215,0.3350066305212684
-0.56,0.34104578863035256,0.4075321421923318,0.30240303353214165,0.3423710839978012,0.33695001601807145
-0.5499999999999998,0.3429438550193839,0.4104475009628079,0.30511124303166837,0.34408728780362247,0.33887101257971264
-0.54,0.34481800143933333,0.4133224911715981,0.3078081741468506,0.3457788865102522,0.34076910986017944
-0.5299999999999998,0.34666772133579166,0.41615597547351063,0.3104931018612569,0.3474454334713971,0.34264380147226925
-0.52,0.34849251275897447,0.4189468271471735,0.3131652989668775,0.3490864871011289,0.3444945852115122
-0.5099999999999998,0.3502918785897259,0.4216939308376137,0.3158240363822066,0.3507016110682971,0.346320963279257
-0.5,0.3520653267642995,0.4243961832954253,0.3184685834741641,0.35229037448934053,0.34812244250477614
-0.48999999999999977,0.3538123704977797,0.4270524941118468,0.32109820838367126,0.3538523521193784,0.3498985345662573
-0.48,0.3555325285059971,0.42966178644906344,0.3237121783546787,0.35538712454146254,0.3516487562105394
-0.46999999999999975,0.35722532522580086,0.43222299776505463,0.32630976006645274,0.3568942783538746,0.3533726294714584
-0.45999999999999996,0.35889029103354464,0.4347350805323045,0.3288902199689112,0.3583734063553482,0.3550696818866621
-0.44999999999999973,0.360526962461648,0.4371970029497,0.3314528246208037,0.3598241077281044,0.3567394467127607
-0.43999999999999995,0.3621348824130922,0.4396077496469383,0.33399684103052163,0.36124598821858117,0.3583814631386724
-0.4299999999999997,0.3637136003737135,0.4419663223807756,0.3365215369993239,0.36263866031574665,0.35999527649703106
-0.41999999999999993,0.3652626726221539,0.4442717407224475,0.3390261814667565,0.364001743426881,0.3615804384735182
-0.41000000000000014,0.3667816624373361,0.44652304273560317,0.3415100448580448,0.3653348640507166,0.36313650731398706
-0.3999999999999999,0.3682701403033234,0.4487192856440949,0.3439723994332301,0.3666376559478258,0.36466304802924304
-0.3900000000000001,0.3697276841114323,0.450859546488978,0.34641251963782127,0.36790976030814815,0.3661596325973485
-0.3799999999999999,0.37115387935946603,0.4529429227740799,0.3488296824547305,0.3691508259155493,0.36762584016332145
-0.3700000000000001,0.3725483193479334,0.45496853309950663,0.35122316775725493,0.3703605093093069,0.3690612572360963
-0.3599999999999999,0.3739106053731284,0.45693551778246744,0.35359225866286875,0.3715384749424182,0.37046547788261935
-0.3500000000000001,0.3752403469169379,0.4588430394648015,0.3559362418875844,0.37268439533662895,0.3718381039189501
-0.33999999999999986,0.376537161833254,0.460690283706612,0.35825440810064074,0.37379795123408205,0.37317874509824445
-0.33000000000000007,0.3778006765308646,0.4624764595654131,0.36054605227927383,0.3748788317454886,0.37448701929549355
-0.31999999999999984,0.3790305261527017,0.46420080016021864,0.36281047406332523,0.3759267344947242,0.37576255268889786
-0.31000000000000005,0.38022635475132494,0.465862563220006,0.36504697810943837,0.37694136575975756,0.37700497993775506
-0.2999999999999998,0.38138781546052414,0.4674610316160087,0.3672548744445975,0.37792244060981867,0.3782139443567433
-0.29000000000000004,0.38251457066292405,0.46899551387730204,0.3694334788187557,0.37886968303871654,0.379389098086484
-0.2799999999999998,0.3836062921534786,0.4704653446891643,0.37158211305630506,0.37978282609422065,0.3805301022602699
-0.27,0.3846626612987428,0.47186988537370905,0.3737001054061346,0.3806616120034196,0.381636627166846
-0.2599999999999998,0.3856833691918161,0.4732085243523058,0.3757867908900275,0.38150579229397563,0.38270835240913514
-0.25,0.38666811680284924,0.4744806775893156,0.37784151164914304,0.3823151279111949,0.3837449670588001
-0.23999999999999977,0.38761661512501416,0.47568578901669634,0.37986361728833495,0.3830893893308358,0.38474616980653864
-0.22999999999999998,0.3885285853158359,0.47682333093904083,0.381852465218051,0.38382835666758186,0.38571166910800897
-0.21999999999999975,0.38940375883379047,0.4778928044186386,0.38380742099356785,0.3845318197791063,0.38664118332528824
-0.20999999999999996,0.3902418775700743,0.4788937396401649,0.3857278586513066,0.3851995783656601,0.38753444086376626
-0.19999999999999973,0.39104269397545594,0.4798256962546265,0.38761316104198495,0.38583144206511755,0.3883911803043827
-0.18999999999999995,0.3918059711821211,0.48068826370220935,0.3894627201603537,0.386427230543415,0.3892111505311161
-0.17999999999999972,0.39253148312042896,0.4814810615136988,0.3912759374712764,0.3869867735803247,0.38999411085364016
-0.16999999999999993,0.3932190146304972,0.48220373959016105,0.39305222423190306,0.3875099111505043,0.39073983112506006
-0.16000000000000014,0.3938683615685408,0.48285597846059947,0.3947910018097006,0.38799649349977006,0.39144809185465174
-0.1499999999999999,0.39447933090788895,0.4834374895173186,0.3964917019960956,0.3884463812165412,0.3921186843155239
-0.14000000000000012,0.39505174083461125,0.4839480152287547,0.3981537673154947,0.388859445298409,0.39275141064713054
-0.1299999999999999,0.3955854208376874,0.48438732932955253,0.3997766513294461,0.38923556721378516,0.393346083952563
-0.1200000000000001,0.3960802117936561,0.484755236987691,0.40135981893571154,0.3895746389585887,0.39390252839055445
-0.10999999999999988,0.3965359660456858,0.48505157494848716,0.4029027466620183,0.38987656310793356,0.394420579262134
-0.10000000000000009,0.3969525474770118,0.48527621165532675,0.4044049229542669,0.39014125286278173,0.394900083091869
-0.08999999999999986,0.39732983157868834,0.48542904734699893,0.4058658484589721,0.390368632091531,0.39534089770364245
-0.08000000000000007,0.39766770551160885,0.485510014131532,0.4072850362997192,0.3905586353665096,0.3957428922909092
-0.06999999999999984,0.39796606816275104,0.485519076036456,0.40866201234742167,0.3907112079953527,0.39610594748138656
-0.06000000000000005,0.39822483019560695,0.4854562290354376,0.40999631548416937,0.3908263060472403,0.39642995539613063
-0.04999999999999982,0.39844391409476404,0.485321501051262,0.4112874978604633,0.39090389637397843,0.3967148197029603
-0.040000000000000036,0.39862325420460504,0.48511495193515697,0.41253512514563506,0.3909439566259099,0.39696045566419047
-0.029999999999999805,0.3987627967620997,0.4848366734224815,0.4137387767712554,0.39094647526264337,0.39716679017864165
-0.020000000000000018,0.3988624999236661,0.48448678906482473,0.41489804616734105,0.39091145155859397,0.39733376181789676
-0.009999999999999787,0.39892233378608216,0.48406545413858504,0.4160125409911739,0.39083889560333196,0.39746132085678043
0,0.3989422804014327,0.4835728555301251,0.4170818833485524,0.3907288282967382,0.39754942929803877
0.009999999999999787,0.39892233378608216,0.4830092115976201,0.4181057100073011,0.3905812813389712,0.39759806089120286
0.020000000000000462,0.3988624999236661,0.4823747720097443,0.41908367260286855,0.3903962972152506,0.3976072011456238
0.03000000000000025,0.3987627967620997,0.48166981756136085,0.42001543783585066,0.39017392917546934,0.39757684733766807
0.040000000000000036,0.39862325420460504,0.4808946599664057,0.4209006876612843,0.3899142412086466,0.39750700851207044
0.04999999999999982,0.39844391409476404,0.4800496416281811,0.42173911946955894,0.3896173080122394,0.39739770547744213
0.0600000000000005,0.3982248301956069,0.4791351353872929,0.42253044625880254,0.3892832149563338,0.3972489707959381
0.07000000000000028,0.39796606816275104,0.4781515442474945,0.4232743967986052,0.38891205804273826,0.39706084876708975
0.08000000000000007,0.39766770551160885,0.4770993010797162,0.4239707157849487,0.388503943859009,0.39683339540581564
0.08999999999999986,0.39732983157868834,0.4759788683045879,0.4246191639862192,0.3880589895274356,0.39656667841462356
0.09999999999999964,0.3969525474770118,0.4747907375537782,0.4252195183801845,0.38757732264902295,0.39626077715002583
0.11000000000000032,0.39653596604568575,0.47353542931049825,0.42577157228182816,0.38705908124250593,0.3959157825831882
0.1200000000000001,0.3960802117936561,0.47221349252953937,0.426275135461936,0.3865044136784386,0.3955317972548426
0.1299999999999999,0.3955854208376874,0.47082550423723013,0.4267300342563413,0.3859134786084003,0.39510893522449264
0.13999999999999968,0.3950517408346113,0.46937206911172313,0.42713611166573945,0.38528644488936864,0.3946473220139485
0.15000000000000036,0.3944793309078889,0.4678538190440388,0.42749322744599294,0.38462349150330655,0.39414709454522956
0.16000000000000014,0.3938683615685408,0.4662714126803107,0.42780125818885323,0.38392480747202024,0.3936084010728789
0.16999999999999993,0.3932190146304972,0.4646255349456974,0.4280600973930348,0.38319059176734194,0.39303140111073454
0.17999999999999972,0.39253148312042896,0.4629168965504432,0.4282696555255838,0.38242105321669934,0.3924162653532104
0.1900000000000004,0.39180597118212107,0.46114623347858447,0.4284298600734923,0.38161641040413324,0.39176317559113927
0.20000000000000018,0.3910426939754559,0.4593143064598193,0.4285406555855154,0.38077689156682937,0.39107232462223795
0.20999999999999996,0.3902418775700743,0.4574219004250663,0.4286020037041593,0.37990273448723316,0.39034391615625363
0.21999999999999975,0.38940375883379047,0.4554698239462625,0.42861388318781246,0.37899418638081867,0.3895781647148599
0.23000000000000043,0.3885285853158359,0.4534589086609571,0.428576289923003,0.37805150377958563,0.38877529552636836
0.2400000000000002,0.3876166151250141,0.4513900086822742,0.42848923692677315,0.3770749524113621,0.387935544415331
0.25,0.38666811680284924,0.4492639999948301,0.42835275433916686,0.37606480707499135,0.38705915768710636
0.2599999999999998,0.3856833691918161,0.4470817798372038,0.42816688940583836,0.37502135151148547,0.38614639200747014
0.27000000000000046,0.38466266129874277,0.44484426607156813,0.4279317064507956,0.37394487827123063,0.3851975142773527
0.28000000000000025,0.3836062921534785,0.44255239654110196,0.4276472868392991,0.3728356885773307,0.384212801502789
0.29000000000000004,0.38251457066292405,0.4402071284158107,0.42731372893094816,0.37169409218517735,0.3831925406601677
0.2999999999999998,0.38138781546052414,0.43780943752739543,0.42693114802299076,0.3705204072383409,0.38213702855687476
0.3100000000000005,0.3802263547513249,0.4353603176938137,0.42649967628390373,0.369314960120873,0.3810465716874228
0.3200000000000003,0.37903052615270166,0.432860780034189,0.4260194626772965,0.3680780853061193,0.37992148608516674
0.33000000000000007,0.3778006765308646,0.4303118522747227,0.4254906728761996,0.3668101252021379,0.37876209716970294
0.33999999999999986,0.376537161833254,0.4277145780462806,0.42491348916780725,0.365511429993826,0.37756873959005843
0.35000000000000053,0.3752403469169378,0.4250700161743192,0.42428811034875036,0.36418235748185435,0.37634175706377315
0.3600000000000003,0.37391060537312837,0.42237923996182847,0.4236147516109851,0.36282327291851474,0.3750815022119855
0.3700000000000001,0.3725483193479334,0.41964333646596635,0.422893644418387,0.36143454884058457,0.37378833639062997
0.3799999999999999,0.37115387935946603,0.4168634057690672,0.42212503637415133,0.3600165648993167,0.3724626295178617
0.3899999999999997,0.3697276841114324,0.4140405602447043,0.42130919107910536,0.35856970768766244,0.37110475989782254
0.40000000000000036,0.3682701403033233,0.4111759238194872,0.42044638798104594,0.35709437056483684,0.3697151140408658
0.41000000000000014,0.3667816624373361,0.40827063123127966,0.4195369222152236,0.3555909534783403,0.36829408648035983
0.41999999999999993,0.3652626726221539,0.40532582728451344,0.4185811044360991,0.3540598627835445,0.36684207958619053
0.4299999999999997,0.3637136003737135,0.4023426661032839,0.41757926064050865,0.3525015110609615,0.3653595033750885
0.4400000000000004,0.36213488241309216,0.3993223103828996,0.41653173198237786,0.35091631693130687,0.363846775317903
0.4500000000000002,0.36052696246164795,0.3962659306405628,0.41543887457913103,0.34930470486847526,0.3623043201439525
0.45999999999999996,0.35889029103354464,0.39317470446584696,0.41430105930995054,0.3476671050105431,0.360732569642576
0.46999999999999975,0.35722532522580086,0.3900498157716409,0.41311867160604654,0.3460039529689173,0.35913196246201895
0.4800000000000004,0.35553252850599704,0.38689245404621536,0.41189211123310177,0.3443156896357476,0.3575029439057817
0.4900000000000002,0.35381237049777964,0.38370381360706773,0.4106217920660649,0.34260276098972275,0.3558459657265645
0.5,0.3520653267642995,0.38048509285718773,0.409308141856468,0.34086561790036624,0.35416148591793994
0.5099999999999998,0.3502918785897259,0.37723749354438707,0.40795160199245356,0.33910471593095587,0.35244996850388977
0.5200000000000005,0.34849251275897447,0.37396222002431995,0.406552627251697,0.3373205151401848,0.35071188332633885
0.5300000000000002,0.3466677213357916,0.3706604785278179,0.40511168554742155,0.3355134798826846,0.34894770583082396
0.54,0.34481800143933333,0.36733347643314646,0.40362925766769897,0.3336840786085308,0.3471579168504314
0.5499999999999998,0.3429438550193839,0.36398242154378985,0.4021058370082449,0.33183278366185215,0.3453430023881432
0.5600000000000005,0.34104578863035245,0.36060852137235033,0.40054192929891264,0.329960071078664,0.34350345339772714
0.5700000000000003,0.3391243132041921,0.35721298243114297,0.39893805232409985,0.32806642038404576,0.3416397655633101
0.5800000000000001,0.33717994382238053,0.353797009530048,0.3972947356372817,0.32615231438878195,0.33975243907776986
0.5899999999999999,0.33521319948710615,0.35036180508218073,0.39561252026989413,0.3242182389855887,0.33784197842008706
0.6000000000000005,0.33322460289179956,0.3469085684179144,0.393891958434788,0.3222646829450432,0.33590889213179215
0.6100000000000003,0.33121468019115285,0.34343849510778623,0.3921336132244839,0.32029213771133697,0.33395369259264734
0.6200000000000001,0.3291839607707648,0.3399527762947945,0.39033805830445467,0.31830109719796795,0.33197689579569906
0.6299999999999999,0.32713297701655447,0.33645259803659006,0.38850587760167365,0.31629205758349355,0.32997902112184013
0.6399999999999997,0.3250622640840822,0.3329391406580413,0.38663766498866164,0.31426551710745854,0.3279605911140179
0.6500000000000004,0.3229723596679142,0.3294135781146401,0.3847340239632723,0.3122219758666147,0.3259221312512233
0.6600000000000001,0.32086380377117246,0.32587707736720223,0.38279556732445885,0.3101619356115479,0.32386416972239945
0.6699999999999999,0.3187371384754016,0.32233079776829143,0.38082291684426206,0.3080858995438257,0.32178723720039987
0.6799999999999997,0.3165929077108929,0.3187758904607927,0.37881670293626807,0.30599437211377983,0.3196918666161357
0.6900000000000004,0.31443165702759723,0.31521349778903,0.37677756432078074,0.3038878588190349,0.31757859293304075
0.7000000000000002,0.3122539333667612,0.3116447527228166,0.3747061476869587,0.30176686600389435,0.315447952921989
0.71,0.31006028483341613,0.3080707782947986,0.3726031073521627,0.29963190065969136,0.3133004849367925
0.7199999999999998,0.307851260469853,0.3044926870514476,0.3704691049187682,0.29748347022621585,0.31113672869041253
0.7300000000000004,0.3056274100302098,0.300911580518027,0.3683048089286913,0.2953220823943209,0.30895722503200906
0.7400000000000002,0.3033892837563001,0.2973285486778491,0.3661108945158798,0.2931482449098163,0.3067625157249585
0.75,0.30113743215480443,0.2937446694661106,0.363888043057021,0.2909624653787494,0.30455314322596005
0.7599999999999998,0.29887240577595287,0.29016100827859065,0.36163694182071887,0.28876525107417855,0.30232965046536026
0.7700000000000005,0.29659475499381566,0.2865786174954609,0.35935828361538996,0.2865571087445361,0.3000925806288119
0.7800000000000002,0.29430502978832507,0.2829985360204511,0.3570527664361322,0.28433854442368167,0.2978424769403921
0.79,0.2920037795291414,0.2794217888355861,0.35472109311081146,0.28211006324273835,0.2955798824472933
0.7999999999999998,0.2896915527614828,0.27584938657169805,0.35236397094562105,0.2798721692438107,0.2933053398062065
0.8100000000000005,0.2873688969940282,0.2722823250948946,0.34998211137035773,0.2776253651956732,0.2910193910715102
0.8200000000000003,0.28503635848900716,0.26872158510914773,0.34757622958366413,0.2753701524115223,0.28872257748537666
0.8300000000000001,0.28269448205458025,0.2651681317751449,0.34514704419847897,0.2731070305688766,0.28641543926990404
0.8399999999999999,0.2803438108396206,0.2616229143455334,0.3426952768879423,0.2708364975317155,0.28409851542138514
0.8500000000000005,0.27798488613099637,0.2580868658166613,0.3402216520319945,0.26855904917493784,0.2817723435068152
0.8600000000000003,0.2756182471534566,0.254560902596908,0.3377268963649093,0.26627517921122246,0.27943745946274373
0.8700000000000001,0.2732444308722162,0.25104592419167043,0.33521173862399545,0.2639853790203692,0.27709439739656794
0.8799999999999999,0.27086397179833804,0.2475428129050634,0.33267690919970416,0.26169013748120024,0.27474368939036936
0.8899999999999997,0.2684774017970024,0.24405243355836526,0.3301231397873706,0.2593899408060928,0.27238586530738607
0.9000000000000004,0.26608524989875476,0.2405756332252266,0.327551163040819,0.25708527237821815,0.2700214526012149
0.9100000000000001,0.26368804211381813,0.2371132409836448,0.3249617122280558,0.25477661259155665,0.26765097612783334
0.9199999999999999,0.26128630124955315,0.23366606768468035,0.322355520889272,0.25246443869375296,0.2652749579605269
0.9299999999999997,0.2588805467311489,0.23023490573788805,0.3197333224973734,0.2501492246318814,0.2628939172078098
0.9400000000000004,0.2564712944256203,0.22682052891340676,0.31709585012125235,0.2478314409011794,0.2605083698344173
0.9500000000000002,0.25405905646918897,0.223423692160643,0.31444383609201226,0.24551155439681235,0.2581188284854519
0.96,0.2516443410981171,0.22004513144346052,0.31177801167234814,0.24319002826872296,0.25572580231375525
0.9699999999999998,0.249227652483066,0.21668556359178243,0.3090991067292889,0.24086732177962417,0.2533297968105836
0.9800000000000004,0.24680949056704266,0.21334568616948568,0.30640784941049715,0.23854389016618488,0.2509313136396533
0.9900000000000002,0.24439035090699954,0.21002617735846227,0.30370496582431966,0.236220184503459,0.24853085047462628
1,0.24197072451914337,0.20672769585869727,0.3009911797237756,0.23389665157260325,0.24612890084009617
1.0099999999999998,0.2395510977280134,0.20345088080421117,0.29826721219466873,0.23157373373192977,0.2437259539561404
1.0200000000000005,0.23713195201937948,0.20019635169468936,0.2955337813480009,0.22925186879133375,0.24132249458649338
1.0300000000000002,0.23471376389701173,0.19696470834261512,0.29279160201686033,0.22693148989013565,0.23891900289039775
1.04,0.2322970047433662,0.19375653083570393,0.29004138545795216,0.22461302537837194,0.23651595427818214
1.0499999999999998,0.2298821406842331,0.19057237951443176,0.28728383905793703,0.22229689870157168,0.2341138192706203
1.0600000000000005,0.22746963245738577,0.18741279496442975,0.2845196660447333,0.21998352828904583,0.23171306336211103
1.0700000000000003,0.22505993528526957,0.1842782980235132,0.28174956520393674,0.217673327445721,0.22931414688772683
1.08,0.22265349875176113,0.18116938980309344,0.27897423060050214,0.21536670424753857,0.22691752489416564
1.0899999999999999,0.22025076668303334,0.17808655172372073,0.27619435130583125,0.21306406144044737,0.22452364701464791
1.1000000000000005,0.21785217703255041,0.175030245564487,0.27341061113040005,0.21076579634300566,0.2221329573477871
1.1100000000000003,0.21545816177021965,0.17200091352601313,0.2706236883620564,0.2084723007526133,0.2197458943404681
1.12,0.21306914677571784,0.16899897830673047,0.26783425551011036,0.2061839608553852,0.21736289067475675
1.13,0.21068555173601533,0.16602484319216704,0.26504297905533675,0.20390115713968285,0.21498437315886773
1.1399999999999997,0.20830779004710845,0.16307889215692978,0.2622505192060014,0.2016242643133105,0.2126107626222113
1.1500000000000004,0.20593626871997464,0.16016148997907353,0.25945752966001634,0.19935365122438395,0.2102424738145347
1.1600000000000001,0.20357138829075938,0.15727298236653883,0.2566646573733258,0.19708968078587835,0.2078799153091767
1.17,0.2012135427351974,0.15441369609532937,0.25387254233461287,0.19483270990385326,0.2055234894104431
1.1799999999999997,0.19886311938727594,0.15158393915910334,0.251081817346421,0.19258308940935945,0.20317359206511582
1.1900000000000004,0.19652049886213643,0.148784000929835,0.24829310781276542,0.19034116399402073,0.2008306127781
1.2000000000000002,0.19418605498321292,0.14601415232920933,0.2455070315333159,0.18810727214928882,0.19849493453221223
1.21,0.19186015471359938,0.14327464601039613,0.24272419850421478,0.1858817461093598,0.19616693371210922
1.2199999999999998,0.1895431580916403,0.14056571654985808,0.23994521072559927,0.1836649117977464,0.1938469800323563
1.2300000000000004,0.18723541817072945,0.13788758064883255,0.2371706620158808,0.18145708877749098,0.19153543646962862
1.2400000000000002,0.18493728096330525,0.1352404373441316,0.23440113783283667,0.17925859020500598,0.1892326591990378
1.25,0.18264908538902191,0.1326244682278941,0.23163721510155455,0.17706972278752375,0.18693899753457097
1.2599999999999998,0.18037116322708038,0.13003983767593177,0.22887946204927367,0.17489078674413855,0.1846547938736313
1.2700000000000005,0.17810383907269348,0.12748669308429847,0.226128438047153,0.17272207577041748,0.18238038364566125
1.2800000000000002,0.1758474302976623,0.12496516511371862,0.22338469345899548,0.17056387700656,0.1801160952648317
1.29,0.173602247015033,0.12247536794150302,0.22064876949694662,0.16841647100907553,0.17786225008677115
1.2999999999999998,0.1713685920478074,0.1200173995205882,0.217921198084187,0.166280131725958,0.17561916236931707
1.3100000000000005,0.1691467609016723,0.11759134184532605,0.2152025017246253,0.16415512647532257,0.17338713923725665
1.3200000000000003,0.16693704174171375,0.11519726122365935,0.21249319337959816,0.16204171592747724,0.17116648065103268
1.33,0.1647397153730768,0.11283520855531069,0.20979377635157112,0.1599401540903916,0.16895747937937883
1.3399999999999999,0.16255505522553418,0.1105052196156246,0.2071047441748389,0.1578506882985329,0.16676042097585425
1.3500000000000005,0.1603833273419195,0.1082073153446929,0.20442658051320725,0.15577355920502747,0.1645755837592395
1.3600000000000003,0.15822479037038298,0.10594150214140484,0.20175975906464189,0.15370900077711314,0.16240323879775675
1.37,0.15607969556042084,0.10370777216205734,0.1991047434728567,0.15165724029483826,0.16024364989707116
1.38,0.15394828676263372,0.10150610362317249,0.19646198724581634,0.14961849835296873,0.15809707359203506
1.3899999999999997,0.15183080043216174,0.09933646110816514,0.19383193368111706,0.14759298886605776,0.15596375914212748
1.4000000000000004,0.1497274656357448,0.09719879587751037,0.19121501579820627,0.14558091907663276,0.15384394853054328
1.4100000000000001,0.14763850406235568,0.09509304618206484,0.18861165627739876,0.14358248956645545,0.15173787646688464
1.42,0.1455641300373476,0.09301913757919707,0.18602226740563665,0.1415978942708023,0.14964577039340218
1.4299999999999997,0.14350455054006248,0.09097698325139111,0.1834472510289445,0.13962732049572157,0.14756785049473672
1.4400000000000004,0.1414599652248387,0.08896648432698766,0.18088699851151638,0.1376709489382122,0.14550432971110633
1.4500000000000002,0.13943056644536023,0.08698753020273607,0.17834189070137585,0.13572895370927454,0.1434554137548837
1.46,0.13741653928228179,0.08503999886783145,0.17581229790253752,0.1338015023597784,0.14142130113050624
1.4699999999999998,0.13541806157407132,0.08312375722912253,0.17329857985360275,0.13188875590909563,0.13940218315766234
1.4800000000000004,0.1334353039510022,0.0812386614371758,0.17080108571271016,0.12999086887644096,0.13739824399769165
1.4900000000000002,0.13146842987223098,0.0793845572128925,0.16832015404876474,0.12810798931486528,0.13540966068314111
1.5,0.12951759566589174,0.07756128017437632,0.16585611283885673,0.12624025884784254,0.13343660315040987
1.5099999999999998,0.12758295057214192,0.07576865616376213,0.16340927947178854,0.12438781270839436,0.13147923427542413
1.5200000000000005,0.12566463678908804,0.07400650157371716,0.16097996075761487,0.12255077978069093,0.12953770991227384
1.5300000000000002,0.12376278952152307,0.07227462367333716,0.15856845294310315,0.12072928264407086,0.12761217893474675
1.54,0.12187753703240178,0.07057282093316282,0.1561750417330139,0.1189234376194155,0.12570278328069087
1.5499999999999998,0.12000900069698565,0.06890088334905482,0.15380000231710395,0.11713335481782097,0.12380965799913997
1.5600000000000005,0.11815729505958221,0.06725859276466685,0.1514435994027446,0.11535913819150205,0.12193293130013129
1.5700000000000003,0.11632252789280702,0.06564572319226876,0.14910608725304966,0.11360088558686884,0.12007272460714681
1.58,0.11450480025929236,0.06406204113167473,0.14678770973040134,0.1118586887997089,0.11822915261210544
1.5899999999999999,0.1127042065757706,0.06250730588704452,0.14448870034526418,0.11013263363241615,0.11640232333283843
1.6000000000000005,0.11092083467945546,0.06098126988132813,0.14220928231016924,0.10842279995319931,0.11459233817297275
1.6100000000000003,0.10915476589664731,0.059483678968137124,0.13994966859875357,0.10672926175720726,0.11279929198415302
1.62,0.1074060751134838,0.0580142727408281,0.1377100620097317,0.10505208722950529,0.11102327313052546
1.63,0.10567483084876363,0.05657278483859899,0.13549065523568146,0.10339133880983942,0.10926436355541454
1.6399999999999997,0.10396109532876426,0.055158943249399545,0.13329163093651747,0.10174707325912277,0.10752263885011587
1.6500000000000004,0.10226492456397797,0.05377247060947107,0.1311131618175281,0.10011934172757848,0.10579816832473217
1.6600000000000001,0.10058636842769055,0.05241308449933549,0.12895541071184907,0.0985081898244758,0.10409101508097862
1.67,0.09892547073632371,0.05108049773606178,0.12681853066724263,0.09691365768939113,0.10240123608688172
1.6799999999999997,0.09728226933146754,0.04977441866164956,0.12470266503705628,0.09533578006493239,0.1007288822532988
1.6900000000000004,0.09565679616352393,0.04849455142737194,0.12260794757522604,0.09377458637085923,0.09907399851218254
1.7000000000000002,0.0940490773768869,0.04724059627393375,0.12053450253519521,0.09223010077953524,0.09743662389651674
1.71,0.09245913339658068,0.046012249807303375,0.11848244477261188,0.09070234229264611,0.09581679162184659
1.7199999999999998,0.0908869790162829,0.044809205270090746,0.11645187985167459,0.08919132481912093,0.09421452916933296
1.7300000000000004,0.08933262348765493,0.04363115280834589,0.11444290415498919,0.08769705725419097,0.09262985837025235
1.7400000000000002,0.0877960706109056,0.042477779733665344,0.11245560499680345,0.08621954355952288,0.09106279549187199
1.75,0.08627731882651153,0.041348770780497035,0.11049006073948113,0.08475878284436084,0.08951335132462285
1.7599999999999998,0.08477636130802226,0.0402438083585463,0.1085463409130828,0.08331476944761718,0.08798153127050076
1.7700000000000005,0.08329318605587441,0.0391625728001901,0.1066245063379152,0.08188749302084582,0.0864673354326201
1.7800000000000002,0.08182777599214276,0.03810474260281561,0.10472460924991484,0.0804769386120389,0.08497075870584922
1.79,0.08038010905615417,0.03706999466600572,0.10284669342872693,0.07908308675018114,0.08349179086845328
1.7999999999999998,0.07895015830089418,0.036058004523503,0.10099079432834816,0.07770591353050481,0.08203041667467603
1.8100000000000005,0.07753789199013392,0.035068446569889083,0.09915693921019464,0.0763453907003811,0.08058661594818693
1.8200000000000003,0.07614327369620728,0.03410099428192479,0.09734514727846223,0.07500148574579045,0.07916036367632566
1.83,0.0747662623983676,0.033155320434501784,0.09555542981764285,0.07367416197830948,0.0777516301050714
1.8399999999999999,0.07340681258165692,0.03223109731116603,0.09378779033206615,0.0723633786225589,0.07636038083467152
1.8500000000000005,0.07206487433621792,0.03132799690917657,0.09204222468733107,0.07106909090405235,0.07498657691585879
1.8600000000000003,0.07074039345698334,0.03044569113907329,0.09031872125349794,0.06979125013738954,0.07363017494659169
1.87,0.06943331154367419,0.029583852018729557,0.08861726104990718,0.06852980381473676,0.07229112716924921
1.88,0.06814356610104458,0.028742151861876942,0.08693781789149875,0.06728469569453988,0.07096938156821715
1.8899999999999997,0.06687109063930718,0.027920263461090274,0.08528035853650073,0.06605586589041464,0.06966488196779919
1.9000000000000004,0.06561581477467655,0.027117860265231008,0.0836448428353618,0.06484325096015973,0.0683775681303896
1.9100000000000001,0.06437766432996934,0.02633461655135062,0.08203122388080142,0.06364678399484099,0.06710737585484591
1.92,0.06315656143519865,0.025570207591061267,0.08043944815885223,0.06246639470789253,0.06585423707499719
1.9299999999999997,0.06195242462810519,0.024824309811388594,0.07886945570077464,0.061302009524185665,0.06461807995823046
1.9400000000000004,0.060765168954564734,0.024096600950123368,0.07732118023571995,0.0601535516690142,0.06339882900409306
1.9500000000000002,0.059594706068816054,0.023386760205697302,0.07579454934402519,0.059020941256947415,0.06219640514285431
1.96,0.05844094433345147,0.022694468381609722,0.07428948461101945,0.057904095380501584,0.0610107258339669
1.9699999999999998,0.05730378891911715,0.022019408025440314,0.07280590178122907,0.056802928198584034,0.05984170516437414
1.9800000000000004,0.05618314190386799,0.02136126356248413,0.07134371091286607,0.055717351024662895,0.05868925394660644
1.9900000000000002,0.05507890237212574,0.020719721424052255,0.06990281653248978,0.05464727241461755,0.05755327981661394
2,0.05399096651318806,0.020094470170483297,0.06848311778973008,0.0535925982542252,0.05643368733128134
2.01,0.05291922771924031,0.019485200608917327,0.0670845086119675,0.052553231846241694,0.0553303780655754
2.0200000000000005,0.05186357668282051,0.018891605905885643,0.06570687785886307,0.051529073997033735,0.05424325070927318
2.0300000000000002,0.05082390149369116,0.018313381694774877,0.06435010947663661,0.05052002310272232,0.053172201163223555
2.04,0.049800087735070775,0.017750226178225945,0.06301408265199039,0.04952597523479688,0.0521171226350925
2.05,0.048792018579182764,0.017201840225533543,0.061698671965583506,0.04854682422516287,0.051077905734547804
2.0600000000000005,0.047799574882076964,0.016667927465113388,0.06040374754495757,0.04758246175058439,0.050054438567836666
2.0700000000000003,0.04682263527768312,0.016148194372108193,0.059129175216823274,0.046632777416485964,0.049046606831713385
2.08,0.04586107627105489,0.015642350351205505,0.05787481665861386,0.045697658840077926,0.048054293906673505
2.09,0.0449147723307671,0.015150107814744313,0.05664052954921976,0.04477699173277223,0.04707738094945469
2.1000000000000005,0.043983595980427156,0.01467118225618838,0.055426167718816984,0.04387065998185501,0.046115746984763506
2.1100000000000003,0.0430674178892657,0.01420529231904752,0.05423158129770605,0.04297854573138524,0.045169268996190545
2.12,0.04216610696177031,0.013752159861329312,0.05305661686408024,0.04210052946228698,0.04423782201627535
2.13,0.04127953042633042,0.013311510015606959,0.0519011175906458,0.041236490071608525,0.04332127921568711
2.1400000000000006,0.04040755392286025,0.012883071244789138,0.050764923390017654,0.04038630495091794,0.042419511991485304
2.1500000000000004,0.039550041589370186,0.012466575393680953,0.04964787105881826,0.03954985006380952,0.0415323900544284
2.16,0.03870685614745561,0.012061757736424882,0.04854979442040748,0.038727000022493664,0.04065978151529722
2.17,0.03787785898667748,0.011668357019913714,0.04747052446617847,0.0379176281634469,0.039801552970204455
2.1799999999999997,0.0370629102478065,0.01128611550326719,0.04640988949535174,0.0371216066220975,0.038957569584859846
2.1900000000000004,0.03626186890490619,0.010914778993465877,0.04536771525320611,0.03633880640652436,0.03812769517776386
2.2,0.035474592846231424,0.010554096877236449,0.04434382506768706,0.0355690974701482,0.03731179230230351
2.21,0.03470093895391882,0.010203822149282964,0.04333803998433347,0.03481234878339347,0.0365097223277246
2.2199999999999998,0.033940763182449214,0.0098637114369604,0.042350178899470466,0.0340684284043037,0.035721345518957344
2.2300000000000004,0.03319392063586109,0.009533525021485627,0.04138005869161429,0.033337203548090714,0.03494652111527238
2.24,0.032460265643697445,0.00921302685578296,0.04042749435104107,0.03261854065560166,0.03418510740774625
2.25,0.03173965183566742,0.008901984579060045,0.03949229910747174,0.03191230546068702,0.03343696181551564
2.26,0.03103193221500827,0.00860016952821164,0.038574284555829605,0.0312183630564558,0.03270194096080292
2.2700000000000005,0.030336959230531597,0.008307356746147286,0.03767326078002843,0.030536577960403485,0.031979900742694446
2.2800000000000002,0.02965458484734125,0.008023324987139927,0.03678903647475212,0.02986681417840052,0.03127069640965631
2.29,0.028984660616209412,0.007747856719291351,0.035921419065188774,0.029208935267528845,0.030574182630771368
2.3,0.028327037741601186,0.007480738124210829,0.03507021482468562,0.028562804397756728,0.02989021356568535
2.3100000000000005,0.02768156714833653,0.007221759094002384,0.03423522899029299,0.027928284412441672,0.02921864293324798
2.3200000000000003,0.02704809954688176,0.006970713225655694,0.03341626587616784,0.027305237887653218,0.02855932407883912
2.33,0.02642648549726172,0.006727397812934876,0.032613128984809565,0.026693527190307043,0.027912110040368022
2.34,0.02581657547158769,0.0064916138358592735,0.03182562111610467,0.02609301453510484,0.027276853612938395
2.3500000000000005,0.02521821991519436,0.0062631659478686865,0.03105354447415705,0.025503562040273122,0.02665340741216983
2.3600000000000003,0.024631269306382486,0.00604186246076538,0.03029670077188489,0.024925031782097058,0.02604162393616994
2.37,0.02405557421476297,0.00582751532752364,0.029554891333365335,0.02435728584824416,0.025441355626150016
2.38,0.023490985358201363,0.005619940123057268,0.02882791719391323,0.02380018638987632,0.024852454925681017
2.3900000000000006,0.02293735365836066,0.005418956023033609,0.02811557919787916,0.023253595672546503,0.024274774338585024
2.4000000000000004,0.022394530294842882,0.005224385780822233,0.027417678094156794,0.022717376125880057,0.02370816648546029
2.41,0.021862366757929387,0.005036055702664397,0.026734014629389697,0.022191390392038955,0.023152484158837326
2.42,0.021340714899922782,0.004853795621149081,0.026064389638871525,0.021675501372970387,0.02260758037696657
2.4299999999999997,0.020829426985092204,0.004677438867079106,0.025408604135134096,0.02116957227644031,0.022073308436236772
2.4400000000000004,0.02032835573822582,0.00450682223981018,0.024766459394220786,0.02067346666085354,0.021549521962225943
2.45,0.019837354391795313,0.0043417859761439356,0.024137757039644082,0.020187048478864097,0.021036074959386936
2.46,0.01935627673173696,0.004182173717854484,0.023522299124027785,0.019710182119777833,0.02053282185937022
2.4699999999999998,0.018884977141856187,0.004027832477926941,0.022919888208437402,0.019242732450752923,0.020039617567988464
2.4800000000000004,0.01842331064686203,0.0038786126055842638,0.022330327439402328,0.018784564856801796,0.019556317510826912
2.49,0.017971132954039633,0.003734367750177638,0.021753420623636718,0.018335545279601097,0.019082777677505783
2.5,0.01752830049356854,0.003594954824013625,0.021188972300466076,0.017895540255114903,0.018618854664600146
2.51,0.017094670457496956,0.003460233964190148,0.020636787811970037,0.017464416950038798,0.018164405717225357
2.5200000000000005,0.016670100837381043,0.003330068493511176,0.02009667337085153,0.01704204319707189,0.01771928876929507
2.5300000000000002,0.016254450460600492,0.0032043248805488276,0.019568436126045714,0.016628287529024836,0.017283362482461123
2.54,0.015847579025360818,0.0030828726989194045,0.01905188422608182,0.0162230192117724,0.016856486283743664
2.55,0.015449347134395174,0.0029655845858386144,0.018546826880214338,0.015826108276060093,0.016438520401862316
2.5600000000000005,0.01505961632737743,0.0028523362000193024,0.018053074417339828,0.01543742554817428,0.0160293259022785
2.5700000000000003,0.014678249112060025,0.002743006178973214,0.017570438342717886,0.01505684267948615,0.01562876472096029
2.58,0.01430510899414969,0.0026374760957767335,0.01709873139251516,0.014684232174880065,0.01523669969688131
2.59,0.013940060505935825,0.00253563041535874,0.016637767586193866,0.014319467420077949,0.0148529946032665
2.6000000000000005,0.013582969233685602,0.0024373564503670257,0.01618736227676602,0.013962422707870908,0.014477514177597389
2.6100000000000003,0.013233701843821355,0.0023425443166678783,0.01574733219893689,0.0136129732632707,0.014110124150390509
2.62,0.012892126107895304,0.0022510868885317423,0.01531749551516078,0.013270995267592775,0.01375069127276246
2.63,0.012558110926378211,0.0021628797535563297,0.014897671859635494,0.012936365881484868,0.013399083342796924
2.6400000000000006,0.012231526351277954,0.0020778211673764323,0.014487682380260243,0.012608963266913565,0.01305516923072759
2.6500000000000004,0.011912243607605169,0.0019958120082084517,0.014087349778584796,0.012288666608123071,0.012718818902953148
2.66,0.01160013511370256,0.0019167557312754619,0.013696498347776935,0.01197535613157972,0.012389903444899292
2.67,0.011295074500456135,0.0018405583231574571,0.013314954008637483,0.011668913124916896,0.012068295082744637
2.6799999999999997,0.010996936629405587,0.0017671282561092768,0.012942544343691768,0.01136921995489487,0.011753867204026519
2.6900000000000004,0.010705597609772173,0.0016963764423874221,0.012579098629387893,0.0110761600843904,0.01144649437714372
2.7,0.010420934814422592,0.0016282161886250976,0.01222444786643249,0.010789618088431449,0.01114605236977338
2.71,0.010142826894787077,0.0015625631502932706,0.011878424808295082,0.010509479669291916,0.010852418166219149
2.7199999999999998,0.009871153794751144,0.0014993352862840517,0.011540863987913517,0.010235631670662791,0.01056546998370889
2.7300000000000004,0.009605796763539575,0.0014384528136508852,0.011211601742632535,0.009967962090914903,0.010285087287659417
2.74,0.009346638367612283,0.0013798381625387713,0.010890476237408677,0.009706360095469746,0.010011150805926995
2.75,0.009093562501591053,0.0013234159313358991,0.0105773274863148,0.009450716028294219,0.009743542542061365
2.76,0.008846454398237232,0.001269112842076897,0.010271997372378192,0.009200921422535922,0.009482145787582668
2.7700000000000005,0.008605200637499661,0.001216857696126142,0.009974329665786352,0.008956869010315468,0.009226845133299601
2.7800000000000002,0.008369689154653023,0.0011665813301683303,0.009684170040495113,0.008718452731692432,0.008977526479688016
2.79,0.008139809247546021,0.001118216572531914,0.009401366089273524,0.008485567742821538,0.008734077046348775
2.8,0.007915451582979969,0.0010716981998697764,0.009125767337220966,0.008258110423316109,0.008496385380564518
2.8100000000000005,0.0076965082022373114,0.001026962894220052,0.008857225253791488,0.008035978382835679,0.008264341364974281
2.8200000000000003,0.0074828725257805526,0.0009839492004686805,0.00859559326336079,0.007819070466914711,0.00803783622438565
2.83,0.007274439357141218,0.0009425974842339914,0.008340726754371195,0.0076072867620492505,0.007816762531743557
2.84,0.007071104886019449,0.0009028498901923459,0.008092483087090603,0.0074005286000590476,0.00760101421327575
2.8500000000000005,0.006872766690613965,0.000864650300862622,0.00785072160002067,0.00719869856174168,0.0073904865528340085
2.8600000000000003,0.006679323739202609,0.0008279442958660934,0.007615303614990223,0.007001700479836312,0.007185076195451004
2.87,0.006490676390993364,0.0007926791116770627,0.007386092440969145,0.006809439441313603,0.006984681150132047
2.88,0.0063067263962659275,0.000758803601878566,0.007162953376638919,0.0066218217890093925,0.006789200791901594
2.8900000000000006,0.006127376895823677,0.0007262681979361753,0.006945753711754826,0.006438755122618768,0.006598535863123846
2.9000000000000004,0.005952532419775849,0.0006950248705020252,0.006734362727335597,0.006260148299067794,0.00641258847411693
2.91,0.005782098885669473,0.0006650270912599629,0.006528651694715555,0.006085911432279619,0.006231262103080025
2.92,0.005615983595990969,0.0006362297953218808,0.006328493873494617,0.005915955892352001,0.006054461595352897
2.9299999999999997,0.005454095235056555,0.000608589344184139,0.0061337645084208825,0.005750194304162995,0.005882093162027017
2.9400000000000004,0.00529634386531101,0.0005820634892521485,0.0059443408252407405,0.005588540545421432,0.005714064377927327
2.95,0.005142640923053939,0.0005566113359402048,0.005760102025550822,0.005430909744178978,0.00555028417898394
2.96,0.004992899213612376,0.0005321933083527618,0.0055809292806860205,0.005277218275819995,0.005390662859012339
2.9699999999999998,0.004847032905978953,0.0005087711145525477,0.005406705724677644,0.0051273837595459185,0.00523511206592117
2.9800000000000004,0.004704957526933971,0.00048630771241999144,0.005237316446315206,0.004981325054370173,0.005083544797366121
2.99,0.004566589954670144,0.00046476727610773844,0.005072648480345214,0.004838962254639851,0.004935875395868396
3,0.0044318484119380075,0.0004441151630931516,0.004912590797839774,0.004700216685100024,0.004792019543416038
3.01,0.00430065245873045,0.00042431788183109183,0.004757034295767763,0.00456501089551672,0.0046518942555663625
3.0200000000000005,0.0041729229845239545,0.00040534306000843015,0.004605871785800591,0.004433268654874048,0.004515417875067351
3.0300000000000002,0.0040485822000944265,0.00038715941340118116,0.004458997982384471,0.0043049149451610605,0.004382510065015895
3.04,0.003927553628924779,0.0003697367153344007,0.004316309490110348,0.004179875954763613,0.004253091801570181
3.05,0.0038097620982218104,0.00035304576674446145,0.004177704790412645,0.004058079071476489,0.004127085366233986
3.0600000000000005,0.0036951337295590284,0.0003370583668426611,0.0040430842276271495,0.003939452875150634,0.004004414337729615
3.0700000000000003,0.0035835959291623588,0.00032174728437859304,0.0039123499944380795,0.0038239271299903978,0.0038850035834766925
3.08,0.0034750773778549375,0.0003070862295011433,0.003785406116743823,0.003711432776515118,0.0037687792506932456
3.09,0.0033695080206774812,0.0002930498262145056,0.0036621584379704785,0.003601901923199752,0.0036556687571357464
3.1000000000000005,0.0032668190561999156,0.0002796135854260899,0.003542514602861629,0.003495267837808443,0.0035456007814941804
3.1100000000000003,0.003166942925540075,0.00026675387858275744,0.0034263840407725457,0.0033914649384351367,0.003438505253458168
3.12,0.0030698133011047403,0.00025444791189136893,0.003313677948496057,0.0032904287842648074,0.0033343133434697264
3.13,0.0029753650750682535,0.00024267370111925727,0.003204309272647424,0.003192096066069031,0.0032329574521782973
3.1400000000000006,0.002883534347603434,0.0002314100469698001,0.0030981926916344147,0.003096404596449,0.003134371199613081
3.1500000000000004,0.002794258414879442,0.000220636511027962,0.002995244597238627,0.003003293299839155,0.003038489414087662
3.16,0.0027074757568407,0.00021033339227027875,0.002895383075833343,0.002912702202284181,0.0029452481208515325
3.17,0.0026231260247810244,0.00020048170413350323,0.0027985278892628663,0.002824572421002001,0.002854584530502944
3.1799999999999997,0.002541150028726526,0.00019106315213577763,0.002704600455407481,0.0027388461537451504,0.00276643702717714
3.1900000000000004,0.0024614897246406984,0.00018206011204396387,0.0026135238284578344,0.0026554666679726017,0.0026807451565238065
3.2,0.0023840882014648404,0.0001734556085804911,0.002525222678921869,0.0025743782898439674,0.002597449613487335
3.21,0.0023088896680064958,0.00016523329466283925,0.002439623273386827,0.002495526393047609,0.0025164922299030054
3.2199999999999998,0.0022358394396885424,0.0001573774311685869,0.0023566534540584824,0.0024188573874742102,0.0024378159619222743
3.2300000000000004,0.0021648839251710585,0.00014987286721872517,0.002276242618098911,0.0023443187077468322,0.0023613648772796867
3.24,0.002095970612857942,0.00014270502097177935,0.0021983216967838533,0.0022718588016184117,0.0022870841424139266
3.25,0.002029048057299768,0.00013585986092110215,0.002122823134499788,0.002201427118247304,0.002214920009454999
3.26,0.001964065865504376,0.0001293238876875773,0.002049680867600673,0.002132974096361338,0.0021448198030895337
3.2700000000000005,0.0019009746831660768,0.0001230841162998224,0.001978830303143439,0.002066451152320517,0.0020767319073156025
3.2800000000000002,0.0018397261808242775,0.00011712805895387402,0.0019102082975209168,0.002001810668088287,0.0020106057520984156
3.29,0.0017802730399618786,0.00011144370824423623,0.001843753135010202,0.0019390059791209765,0.0019463917999377343
3.3,0.0017225689390536812,0.00010601952085809003,0.0017794045062540834,0.0018779913621849512,0.0018840415323578288
3.3100000000000005,0.0016665685395745784,0.00010084440172439264,0.0017171034866924164,0.001818722023110523,0.0018235074363302547
3.3200000000000003,0.0016122274719771231,0.00009590768860952338,0.0016567925149599005,0.001761154084491642,0.001764742990639615
3.33,0.0015595023216476915,0.00009119913715109818,0.0015984153712660764,0.0017052445733399654,0.0017077026522020764
3.34,0.0015083506148503073,0.00008670890632154228,0.0015419171557729447,0.001650951408701837,0.0016523418423462436
3.3500000000000005,0.0014587308046667433,0.0000824275443129719,0.001487244266984946,0.0015982333892462762,0.001598616933065598
3.3600000000000003,0.0014106022569413824,0.000078345974834947,0.0014343443801656062,0.0015470501808320328,0.0015464852332515086
3.37,0.0013639252362389036,0.00007445548381662644,0.0013831664257945102,0.0014973623040613019,0.0014959049749154857
3.38,0.0013186608918227423,0.0000707477065048941,0.0013336605680779438,0.0014491311218277109,0.00144683529940913
3.3900000000000006,0.0012747712436618306,0.00006721461495001902,0.0012857781835257957,0.00140231882686573,0.0013992362436499246
3.4000000000000004,0.0012322191684730175,0.00006384850587045524,0.0012394718396070079,0.0013568884293085586,0.0013530687263607498
3.41,0.0011909683858061166,0.000060641988888405886,0.0011946952734952067,0.0013128037442612249,0.0013082945343307144
3.42,0.0011509834441784845,0.000057587975127834554,0.0011514033709157994,0.0012700293793955167,0.0012648763087046945
3.4299999999999997,0.001112229707265567,0.00005467966616664562,0.0011095521451052123,0.0012285307225730231,0.0012227775313086435
3.4400000000000004,0.0010746733401537337,0.00005191054333481592,0.001069098715892558,0.0011882739295023727,0.0011819625110174965
3.45,0.0010382812956614103,0.00004927435735032788,0.0010300012889135025,0.0011492259114366063,0.0011423963701722786
3.46,0.0010030213007342376,0.000046765118284814056,0.0009922191349656373,0.0011113543229162768,0.0011040450310526658
3.4699999999999998,0.0009688618429198468,0.00004437708585091099,0.0009557125695142888,0.0010746275495637746,0.0010668752024111825
3.4800000000000004,0.000935772156927478,0.00004210476000339082,0.0009204429323571301,0.0010390146959340985,0.0010308543660747568
3.49,0.0009037222112775245,0.000039942871846235104,0.0008863725674556564,0.0010044855734270817,0.0009959507636192945
3.5,0.0008726826950457602,0.00003788637483789398,0.0008534648029410132,0.0009710106882658859,0.0009621333831225664
3.51,0.0008426250047069027,0.00003593043628708158,0.0008216839313014175,0.0009385612295464206,0.0009293719460005725
3.5200000000000005,0.0008135212310818069,0.00003407042913154966,0.0007909951897578549,0.0009071090573620493,0.0008976368939322414
3.5300000000000002,0.0007853441463924686,0.00003230192399238598,0.0007613647408344338,0.0008766266910078403,0.0008668993758771348
3.54,0.0007580671914287103,0.00003062068149649128,0.0007327596531293157,0.0008470872972683467,0.0008371312351905714
3.55,0.0007316644628303109,0.000029022644859996416,0.0007051478822918344,0.0008184646787927947,0.00080830499684043
3.5600000000000005,0.000706110700488035,0.000027503932725493423,0.0006784982522109864,0.0007907332625612944,0.0007803938547296058
3.5700000000000003,0.0006813812750668915,0.000026060832246069248,0.0006527804364201358,0.0007638680884455643,0.0007533716591279296
3.58,0.0006574521756546765,0.000024689792409243667,0.0006279649397224041,0.0007378447978674091,0.0007272129042171328
3.59,0.0006342999975387576,0.000023387417594038306,0.0006040230800409184,0.0007126396225581296,0.0007018927157522595
3.6000000000000005,0.0006119019301137709,0.00002215046135451463,0.0005809269704976996,0.00068822937342174,0.0006773868388427065
3.6100000000000003,0.0005902357449227851,0.000020975820423247003,0.000558649501724687,0.0006645914295048057,0.000653671625855909
3.62,0.0005692797838342526,0.000019860528928314995,0.0005371643244100378,0.0006417037270754685,0.0006307240244464539
3.63,0.0005490129473569587,0.000018801752817526374,0.000516445832082602,0.000619544748814133,0.000608521565713289
3.6400000000000006,0.0005294146830949338,0.00001779678448370128,0.0004964691441370905,0.0005980935131180862,0.0005870423524874457
3.6500000000000004,0.0005104649743441847,0.000016843037584977575,0.0004772100891022392,0.0005773295635221873,0.0005662650477525743
3.66,0.0004921443288328931,0.00001593804205421859,0.00045864518815392477,0.0005572329582375975,0.0005461688632003636
3.67,0.00047443376760662064,0.000015079439291732103,0.0004407516388749875,0.0005377842598103964,0.0005267335479228184
3.6799999999999997,0.0004573148140598576,0.000014264977535633487,0.00042350729926320037,0.0005189645249017799,0.0005079393772431526
3.6900000000000004,0.00044076948311513176,0.000013492507404309794,0.00040689067198858346,0.0005007552941913783,0.0004897671416869094
3.7,0.00042478027055075143,0.000012759977605568584,0.0003908808889010425,0.00048313858240513105,0.00047219813609479446
3.71,0.0004093301424780788,0.000012065430807176596,0.0003754576957890288,0.00046609686846898113,0.0004552141488785062
3.7199999999999998,0.0003944025249691569,0.000011406999663620016,0.00036060143738974714,0.0004496130857895708,0.00043879745142077223
3.7300000000000004,0.00037998129383532076,0.000010782902994037616,0.0003462930426511664,0.0004336706126629531,0.00042293078762059176
3.74,0.00036605076455733496,0.000010191442106402592,0.0003325140102459219,0.00041825326281225085,0.0004075973635846013
3.75,0.0003525956823674454,0.000009630997263148068,0.00031924639433694393,0.00040334527605503,0.0003927808374652994
3.76,0.0003396012124836548,0.000009100024283552746,0.0003064727905945234,0.0003889313091010971,0.0003784653094467988
3.7700000000000005,0.0003270529304963744,0.000008597051278320673,0.0002941763224642673,0.0003749964264812753,0.0003646353118785887
3.7800000000000002,0.00031493681290752155,0.000008120675511907067,0.00028234062768527497,0.0003615260916076341,0.00035127579955771736
3.79,0.00030323922782200417,0.000007669560388258111,0.0002709498450576523,0.0003485061579655118,0.00033837214015965627
3.8,0.00029194692579146027,0.000007242432555747842,0.00025998860145835345,0.0003359228604376247,0.0003259101048180258
3.8100000000000005,0.00028104703080998584,0.0000068380791272082625,0.0002494419991041655,0.0003237628067603952,0.00031387585885322446
3.8200000000000003,0.00027052703146152073,0.000006455345011060049,0.00023929560306050438,0.0003120129691125981,0.00030225595264993065
3.83,0.00026037477221844247,0.000006093130349661741,0.00022953542899454784,0.0003006606758362741,0.0002910373126833093
3.84,0.00025057844489086075,0.000005750388061104303,0.0002201479311711139,0.00028969360328984494,0.0002802072326937055
3.8500000000000005,0.00024112658022599302,0.000005426121480783256,0.00021111999068954286,0.0002790997678332004,0.0002697533650094677
3.8600000000000003,0.00023200803965694195,0.0000051193820991873154,0.0002024389039597426,0.0002688675179445255,0.00025966371201749725
3.87,0.00022321200720010206,0.0000048292673924436944,0.00019409237141541498,0.0002589855264684889,0.00024992661778099116
3.88,0.00021472798150036704,0.000004554918742263576,0.0001860684864624152,0.0002494427829953978,0.00024053075980381297
3.8900000000000006,0.00020654576802322513,0.000004295519442029161,0.00017835572466005144,0.0002402285863708148,0.00023146514094080791
3.9000000000000004,0.00019865547139277237,0.0000040502927858626365,0.00017094293313306942,0.00023133253733508168,0.00022271908145332644
3.91,0.00019104748787459762,0.000003818500237611662,0.00016381932021195634,0.00022274453129212204,0.00021428221120913386
3.92,0.0001837124980024571,0.000003599439676781597,0.00015697444529913222,0.00021445475120684187,0.00020614446202583711
3.9300000000000006,0.0001766414593475706,0.0000033924437185349944,0.0001503982089585099,0.00020645366063038045,0.0001982960601568706
3.9400000000000004,0.0001698255994293433,0.000003196878104969853,0.0001440808432258321,0.00019873199685240553,0.00019072751891904463
3.95,0.000163256408766242,0.0000030121401649756476,0.00013801290213713007,0.0001912807641795966,0.00018342963146057375
3.96,0.00015692563406553226,0.0000028376573400525798,0.0001321852524725894,0.00018409122733941443,0.0001763934636684843
3.9699999999999998,0.00015082527155051807,0.0000026728857735633517,0.00012658906471305393,0.00017715490500819334,0.00016961034721421143
3.9800000000000004,0.00014494756042389079,0.000002517308960969104,0.00012121580420632699,0.0001704635634625552,0.0001630718727361688
3.99,0.00013928497646575994,0.000002370436458681602,0.00011605722254042271,0.0001640092103531034,0.00015676988315802394
4,0.00013383022576488537,0.000002231802649241614,0.00011110534912082672,0.00015778408859929718,0.00015069646714135833
